{"type":"FeatureCollection","metadata":{"title":"Alpha Turkistan regional remote-sensing screening grid","source":"Alpha Turkistan Sentinel-2 L2A 2025 summer COG","cell_size_km":18.0,"method":"Median spectral indices per clipped grid cell; crop scores are relative screening scores, not soil or yield certification.","indices":["ndvi","ndwi","ndre","ndmi","ndbi","bsi"],"normalization_percentiles":{"ndvi":{"p10":0.087,"p90":0.199},"ndwi":{"p10":-0.324,"p90":-0.204},"ndre":{"p10":0.045,"p90":0.131},"ndmi":{"p10":-0.166,"p90":-0.065},"ndbi":{"p10":0.065,"p90":0.166},"bsi":{"p10":0.129,"p90":0.203}},"limitations":["Satellite indices do not replace soil chemistry, salinity, drainage, slope or water-rights checks.","NDBI can confuse dry bare soil with built-up land in arid regions.","Crop scores rank relative conditions observed in the regional 2025 summer mosaic."],"infrastructure":{"source":"OpenStreetMap via Overpass API","observed_at":"2026-07-21T09:21:26Z","counts":{"substation":542,"power_source":611,"rail":6467,"power_line":2236,"water":4498},"method":"Nearest distance to mapped OSM geometry, calculated to line segments.","limitations":"Mapped proximity does not confirm capacity, connection rights, water flow, water rights, or tariffs."}},"features":[{"type":"Feature","id":"agro-0-11","properties":{"cell_id":"TKO-00-11","latitude":40.66455,"longitude":68.30657,"area_km2":69.7,"coverage_pct":21.5,"sample_count":910,"active_vegetation_pct":98.6,"surface_water_pct":0.0,"ndvi":0.533,"ndwi":-0.537,"ndre":0.373,"ndmi":0.23,"ndbi":-0.23,"bsi":-0.124,"soy":100,"rice":36,"cotton":87,"vegetables":80,"solar":10,"industrial_land":13,"best_crop":"soy","confidence":74,"period":"2025_summer","power_km":9.0,"rail_km":9.7,"water_km":0.0},"geometry":{"type":"Polygon","coordinates":[[[68.37177771489183,40.687820739649105],[68.36597542176445,40.615641681948695],[68.34636688300014,40.611633301000154],[68.25777435400005,40.66920471200007],[68.17573547400008,40.691280366000164],[68.16891882778879,40.697107583802],[68.37177771489183,40.687820739649105]]]}},{"type":"Feature","id":"agro-0-12","properties":{"cell_id":"TKO-00-12","latitude":40.62778,"longitude":68.48188,"area_km2":211.6,"coverage_pct":65.3,"sample_count":1585,"active_vegetation_pct":90.9,"surface_water_pct":0.1,"ndvi":0.492,"ndwi":-0.495,"ndre":0.332,"ndmi":0.214,"ndbi":-0.214,"bsi":-0.102,"soy":100,"rice":37,"cotton":87,"vegetables":80,"solar":10,"industrial_land":13,"best_crop":"soy","confidence":88,"period":"2025_summer","power_km":6.8,"rail_km":19.2,"water_km":3.0},"geometry":{"type":"Polygon","coordinates":[[[68.37177771489183,40.687820739649105],[68.58381180777637,40.67772997901801],[68.57466571441996,40.56815892725257],[68.53967285100003,40.570167541000096],[68.5220718380001,40.551673889000085],[68.41677093400011,40.575237274000074],[68.42840576200018,40.59403228700012],[68.38723754800009,40.61998367300004],[68.36597542176445,40.615641681948695],[68.37177771489183,40.687820739649105]]]}},{"type":"Feature","id":"agro-0-13","properties":{"cell_id":"TKO-00-13","latitude":40.61511,"longitude":68.61809,"area_km2":66.8,"coverage_pct":20.6,"sample_count":1156,"active_vegetation_pct":96.8,"surface_water_pct":0.0,"ndvi":0.539,"ndwi":-0.516,"ndre":0.349,"ndmi":0.236,"ndbi":-0.236,"bsi":-0.13,"soy":100,"rice":36,"cotton":87,"vegetables":80,"solar":10,"industrial_land":13,"best_crop":"soy","confidence":79,"period":"2025_summer","power_km":5.4,"rail_km":9.1,"water_km":1.6},"geometry":{"type":"Polygon","coordinates":[[[68.58381180777637,40.67772997901801],[68.60306547358822,40.676794252518],[68.61454772899998,40.65130615300017],[68.66674804800016,40.63012695300016],[68.68486785900008,40.595706940000184],[68.59157562300015,40.56718444900017],[68.57466571441996,40.56815892725257],[68.58381180777637,40.67772997901801]]]}},{"type":"Feature","id":"agro-1-10","properties":{"cell_id":"TKO-01-10","latitude":40.812,"longitude":68.08113,"area_km2":185.6,"coverage_pct":57.3,"sample_count":1156,"active_vegetation_pct":94.3,"surface_water_pct":0.0,"ndvi":0.422,"ndwi":-0.465,"ndre":0.282,"ndmi":0.158,"ndbi":-0.158,"bsi":-0.044,"soy":100,"rice":36,"cotton":87,"vegetables":80,"solar":10,"industrial_land":13,"best_crop":"soy","confidence":79,"period":"2025_summer","power_km":5.1,"rail_km":18.6,"water_km":2.5},"geometry":{"type":"Polygon","coordinates":[[[67.95943147875352,40.86838613466863],[68.17218297422484,40.859018313675094],[68.16018368608086,40.70457286153682],[68.09817505000018,40.75750350900006],[67.97322082500006,40.81351852400013],[67.95561171082376,40.81725115799148],[67.95943147875352,40.86838613466863]]]}},{"type":"Feature","id":"agro-1-11","properties":{"cell_id":"TKO-01-11","latitude":40.77353,"longitude":68.27221,"area_km2":323.7,"coverage_pct":99.9,"sample_count":1935,"active_vegetation_pct":98.1,"surface_water_pct":0.0,"ndvi":0.512,"ndwi":-0.524,"ndre":0.349,"ndmi":0.216,"ndbi":-0.216,"bsi":-0.104,"soy":100,"rice":36,"cotton":87,"vegetables":80,"solar":10,"industrial_land":13,"best_crop":"soy","confidence":95,"period":"2025_summer","power_km":0.5,"rail_km":4.5,"water_km":0.1},"geometry":{"type":"Polygon","coordinates":[[[68.17218297422484,40.859018313675094],[68.3848322475945,40.84926011215068],[68.37177771489183,40.687820739649105],[68.16891882778879,40.697107583802],[68.16018368608086,40.70457286153682],[68.17218297422484,40.859018313675094]]]}},{"type":"Feature","id":"agro-1-12","properties":{"cell_id":"TKO-01-12","latitude":40.75686,"longitude":68.46506,"area_km2":258.9,"coverage_pct":79.9,"sample_count":1547,"active_vegetation_pct":99.0,"surface_water_pct":0.0,"ndvi":0.594,"ndwi":-0.57,"ndre":0.409,"ndmi":0.277,"ndbi":-0.277,"bsi":-0.173,"soy":100,"rice":36,"cotton":87,"vegetables":80,"solar":10,"industrial_land":13,"best_crop":"soy","confidence":87,"period":"2025_summer","power_km":7.0,"rail_km":6.7,"water_km":0.8},"geometry":{"type":"Polygon","coordinates":[[[68.58381180777637,40.67772997901801],[68.37177771489183,40.687820739649105],[68.3848322475945,40.84926011215068],[68.52864283386519,40.842436949149835],[68.5190887460002,40.78017425700016],[68.58646478452515,40.70939977979621],[68.58381180777637,40.67772997901801]]]}},{"type":"Feature","id":"agro-2-10","properties":{"cell_id":"TKO-02-10","latitude":40.94093,"longitude":68.08452,"area_km2":283.4,"coverage_pct":87.5,"sample_count":1694,"active_vegetation_pct":88.4,"surface_water_pct":1.7,"ndvi":0.388,"ndwi":-0.439,"ndre":0.257,"ndmi":0.124,"ndbi":-0.124,"bsi":-0.013,"soy":100,"rice":51,"cotton":87,"vegetables":80,"solar":10,"industrial_land":13,"best_crop":"soy","confidence":90,"period":"2025_summer","power_km":3.4,"rail_km":28.7,"water_km":3.4},"geometry":{"type":"Polygon","coordinates":[[[68.18482991216605,41.020505026429454],[68.17218297422484,40.859018313675094],[67.95943147875352,40.86838613466863],[67.96153719140261,40.896518762183746],[67.9931411730002,40.897388459000126],[67.99139404400012,40.983009339000134],[68.02354431100008,41.00712203900007],[68.01238540976192,41.02815344849725],[68.18482991216605,41.020505026429454]]]}},{"type":"Feature","id":"agro-2-11","properties":{"cell_id":"TKO-02-11","latitude":40.93492,"longitude":68.28496,"area_km2":324.0,"coverage_pct":100.0,"sample_count":1936,"active_vegetation_pct":98.0,"surface_water_pct":0.0,"ndvi":0.514,"ndwi":-0.53,"ndre":0.353,"ndmi":0.206,"ndbi":-0.206,"bsi":-0.098,"soy":100,"rice":36,"cotton":87,"vegetables":80,"solar":10,"industrial_land":13,"best_crop":"soy","confidence":95,"period":"2025_summer","power_km":2.1,"rail_km":18.2,"water_km":1.0},"geometry":{"type":"Polygon","coordinates":[[[68.17218297422484,40.859018313675094],[68.18482991216605,41.020505026429454],[68.39799311508415,41.01069147854421],[68.3848322475945,40.84926011215068],[68.17218297422484,40.859018313675094]]]}},{"type":"Feature","id":"agro-2-12","properties":{"cell_id":"TKO-02-12","latitude":40.9188,"longitude":68.45921,"area_km2":193.7,"coverage_pct":59.8,"sample_count":1170,"active_vegetation_pct":99.2,"surface_water_pct":0.0,"ndvi":0.558,"ndwi":-0.555,"ndre":0.393,"ndmi":0.235,"ndbi":-0.235,"bsi":-0.128,"soy":100,"rice":36,"cotton":87,"vegetables":80,"solar":10,"industrial_land":13,"best_crop":"soy","confidence":79,"period":"2025_summer","power_km":0.1,"rail_km":9.4,"water_km":0.1},"geometry":{"type":"MultiPolygon","coordinates":[[[[68.61104900119992,41.00048591164135],[68.61052586706326,40.99433623863318],[68.60914140495674,41.0005790485999],[68.61104900119992,41.00048591164135]]],[[[68.3848322475945,40.84926011215068],[68.39799311508415,41.01069147854421],[68.57131583140252,41.00241928051228],[68.55070495500019,40.991672515000005],[68.543846131,41.00151824900019],[68.43734741100008,41.00658798199999],[68.437652588,40.985408784000185],[68.51580810500008,40.98153305000016],[68.53489685000005,40.95886230500008],[68.51640319800003,40.94394683900004],[68.53787994400011,40.90248108000009],[68.52864283386519,40.842436949149835],[68.3848322475945,40.84926011215068]]]]}},{"type":"Feature","id":"agro-2-13","properties":{"cell_id":"TKO-02-13","latitude":40.97609,"longitude":68.67789,"area_km2":34.8,"coverage_pct":10.8,"sample_count":837,"active_vegetation_pct":72.9,"surface_water_pct":1.2,"ndvi":0.347,"ndwi":-0.424,"ndre":0.234,"ndmi":0.023,"ndbi":-0.023,"bsi":0.057,"soy":100,"rice":47,"cotton":87,"vegetables":80,"solar":10,"industrial_land":13,"best_crop":"soy","confidence":72,"period":"2025_summer","power_km":3.4,"rail_km":3.5,"water_km":0.5},"geometry":{"type":"Polygon","coordinates":[[[68.61104900119992,41.00048591164135],[68.74851823332115,40.993690265022195],[68.74480438300014,40.98745727500011],[68.71597290000017,40.96764755200018],[68.67635345500008,40.955898286000085],[68.64525604300007,40.93632888900016],[68.6335906990002,40.953670502000136],[68.63420867800005,40.962970735000056],[68.63828277599998,40.96870422400007],[68.6694946290001,40.97766113300015],[68.67250061000004,40.98311614900012],[68.66458129900019,40.98933792100012],[68.64420318600014,40.99265289300012],[68.62681579700006,40.986690521000135],[68.61246490400009,40.990810395000096],[68.61104900119992,41.00048591164135]]]}},{"type":"Feature","id":"agro-3-9","properties":{"cell_id":"TKO-03-09","latitude":41.15302,"longitude":67.89482,"area_km2":147.8,"coverage_pct":45.6,"sample_count":1323,"active_vegetation_pct":12.3,"surface_water_pct":11.5,"ndvi":0.133,"ndwi":-0.276,"ndre":0.075,"ndmi":-0.15,"ndbi":0.15,"bsi":0.201,"soy":28,"rice":26,"cotton":31,"vegetables":30,"solar":80,"industrial_land":80,"best_crop":"cotton","confidence":82,"period":"2025_summer","power_km":11.2,"rail_km":56.9,"water_km":9.5},"geometry":{"type":"Polygon","coordinates":[[[67.76990927296622,41.200537372256456],[67.9837946121605,41.1914583318351],[67.97694139178977,41.101112568648276],[67.95178222700008,41.088661195000036],[67.93302917400018,41.108116151],[67.90164184600008,41.086841584000176],[67.82979583700018,41.137371062],[67.7855606080002,41.17800903400012],[67.76852306356712,41.18148005383852],[67.76990927296622,41.200537372256456]]]}},{"type":"Feature","id":"agro-3-10","properties":{"cell_id":"TKO-03-10","latitude":41.10919,"longitude":68.09399,"area_km2":289.6,"coverage_pct":89.4,"sample_count":1733,"active_vegetation_pct":25.3,"surface_water_pct":60.6,"ndvi":-0.202,"ndwi":0.392,"ndre":-0.269,"ndmi":0.129,"ndbi":-0.129,"bsi":-0.007,"soy":44,"rice":70,"cotton":48,"vegetables":55,"solar":28,"industrial_land":20,"best_crop":"rice","confidence":91,"period":"2025_summer","power_km":11.5,"rail_km":43.3,"water_km":3.1},"geometry":{"type":"Polygon","coordinates":[[[67.9837946121605,41.1914583318351],[68.19758002125039,41.181983959535835],[68.18482991216605,41.020505026429454],[68.01238540976192,41.02815344849725],[67.99349212700008,41.0637321470001],[68.0238952640001,41.08784866400004],[68.0773620600001,41.09658432100014],[68.06023407000009,41.104270936000084],[68.04763030900006,41.10006332400013],[68.0176010140001,41.12104797500005],[67.97694139178977,41.101112568648276],[67.9837946121605,41.1914583318351]]]}},{"type":"Feature","id":"agro-3-11","properties":{"cell_id":"TKO-03-11","latitude":41.09637,"longitude":68.29792,"area_km2":324.0,"coverage_pct":100.0,"sample_count":1936,"active_vegetation_pct":49.8,"surface_water_pct":5.4,"ndvi":0.177,"ndwi":-0.271,"ndre":0.095,"ndmi":0.021,"ndbi":-0.021,"bsi":0.061,"soy":85,"rice":80,"cotton":79,"vegetables":77,"solar":11,"industrial_land":11,"best_crop":"soy","confidence":95,"period":"2025_summer","power_km":15.2,"rail_km":32.9,"water_km":2.6},"geometry":{"type":"Polygon","coordinates":[[[68.18482991216605,41.020505026429454],[68.19758002125039,41.181983959535835],[68.41126130159792,41.17211479872071],[68.39799311508415,41.01069147854421],[68.18482991216605,41.020505026429454]]]}},{"type":"Feature","id":"agro-3-12","properties":{"cell_id":"TKO-03-12","latitude":41.08706,"longitude":68.51053,"area_km2":321.1,"coverage_pct":99.1,"sample_count":1918,"active_vegetation_pct":57.0,"surface_water_pct":0.6,"ndvi":0.263,"ndwi":-0.322,"ndre":0.145,"ndmi":0.013,"ndbi":-0.013,"bsi":0.054,"soy":100,"rice":41,"cotton":87,"vegetables":80,"solar":10,"industrial_land":13,"best_crop":"soy","confidence":95,"period":"2025_summer","power_km":5.5,"rail_km":21.6,"water_km":1.0},"geometry":{"type":"Polygon","coordinates":[[[68.39799311508415,41.01069147854421],[68.41126130159792,41.17211479872071],[68.62483426761064,41.161851414881816],[68.61104900119992,41.00048591164135],[68.60801696800013,41.01050949000012],[68.60141754200009,41.01195907600016],[68.60171508800005,41.01583862300009],[68.57131583140252,41.00241928051228],[68.39799311508415,41.01069147854421]]]}},{"type":"Feature","id":"agro-3-13","properties":{"cell_id":"TKO-03-13","latitude":41.08416,"longitude":68.70867,"area_km2":266.8,"coverage_pct":82.4,"sample_count":1596,"active_vegetation_pct":46.1,"surface_water_pct":0.1,"ndvi":0.161,"ndwi":-0.297,"ndre":0.096,"ndmi":-0.083,"ndbi":0.083,"bsi":0.154,"soy":70,"rice":29,"cotton":65,"vegetables":61,"solar":35,"industrial_land":33,"best_crop":"soy","confidence":88,"period":"2025_summer","power_km":2.8,"rail_km":15.6,"water_km":0.4},"geometry":{"type":"Polygon","coordinates":[[[68.61104900119992,41.00048591164135],[68.62483426761064,41.161851414881816],[68.83829474724348,41.15119439554651],[68.8357369261221,41.12244119550932],[68.81994628899997,41.106029511000024],[68.80325317400019,41.079380035000035],[68.76735687200018,41.04518509000019],[68.751670837,41.017898559000166],[68.74851823332115,40.993690265022195],[68.61104900119992,41.00048591164135]]]}},{"type":"Feature","id":"agro-4-3","properties":{"cell_id":"TKO-04-03","latitude":41.32926,"longitude":66.65027,"area_km2":155.0,"coverage_pct":47.8,"sample_count":1719,"active_vegetation_pct":0.0,"surface_water_pct":0.0,"ndvi":0.122,"ndwi":-0.267,"ndre":0.078,"ndmi":-0.154,"ndbi":0.154,"bsi":0.202,"soy":23,"rice":11,"cotton":28,"vegetables":28,"solar":84,"industrial_land":82,"best_crop":"cotton","confidence":91,"period":"2025_summer","power_km":24.8,"rail_km":146.2,"water_km":64.1},"geometry":{"type":"Polygon","coordinates":[[[66.70830475757961,41.401785016229134],[66.69946848721321,41.24595376091318],[66.60610199000013,41.25140380800019],[66.58775669173613,41.405612117894016],[66.70830475757961,41.401785016229134]]]}},{"type":"Feature","id":"agro-4-4","properties":{"cell_id":"TKO-04-04","latitude":41.31928,"longitude":66.81157,"area_km2":316.3,"coverage_pct":97.6,"sample_count":1916,"active_vegetation_pct":0.0,"surface_water_pct":0.0,"ndvi":0.115,"ndwi":-0.258,"ndre":0.074,"ndmi":-0.155,"ndbi":0.155,"bsi":0.205,"soy":19,"rice":11,"cotton":25,"vegetables":26,"solar":85,"industrial_land":83,"best_crop":"vegetables","confidence":95,"period":"2025_summer","power_km":36.7,"rail_km":135.0,"water_km":63.0},"geometry":{"type":"Polygon","coordinates":[[[66.70830475757961,41.401785016229134],[66.92315460378074,41.3946497577855],[66.9135762286932,41.23495284878932],[66.69946848721321,41.24595376091318],[66.70830475757961,41.401785016229134]]]}},{"type":"Feature","id":"agro-4-5","properties":{"cell_id":"TKO-04-05","latitude":41.3102,"longitude":67.02573,"area_km2":323.4,"coverage_pct":99.8,"sample_count":1933,"active_vegetation_pct":0.0,"surface_water_pct":0.0,"ndvi":0.121,"ndwi":-0.266,"ndre":0.078,"ndmi":-0.164,"ndbi":0.164,"bsi":0.209,"soy":19,"rice":9,"cotton":24,"vegetables":25,"solar":86,"industrial_land":87,"best_crop":"vegetables","confidence":95,"period":"2025_summer","power_km":53.7,"rail_km":120.7,"water_km":66.3},"geometry":{"type":"Polygon","coordinates":[[[66.92315460378074,41.3946497577855],[67.13792495208669,41.38711453906342],[67.12769584616017,41.22539740246551],[66.9135762286932,41.23495284878932],[66.92315460378074,41.3946497577855]]]}},{"type":"Feature","id":"agro-4-6","properties":{"cell_id":"TKO-04-06","latitude":41.30235,"longitude":67.24002,"area_km2":324.0,"coverage_pct":100.0,"sample_count":1936,"active_vegetation_pct":0.0,"surface_water_pct":0.0,"ndvi":0.118,"ndwi":-0.27,"ndre":0.075,"ndmi":-0.156,"ndbi":0.156,"bsi":0.209,"soy":20,"rice":10,"cotton":25,"vegetables":25,"solar":86,"industrial_land":85,"best_crop":"cotton","confidence":95,"period":"2025_summer","power_km":57.6,"rail_km":106.4,"water_km":55.3},"geometry":{"type":"Polygon","coordinates":[[[67.12769584616017,41.22539740246551],[67.13792495208669,41.38711453906342],[67.35261150684808,41.379179795473625],[67.3418556610023,41.21750739520869],[67.12769584616017,41.22539740246551]]]}},{"type":"Feature","id":"agro-4-7","properties":{"cell_id":"TKO-04-07","latitude":41.29424,"longitude":67.4544,"area_km2":324.0,"coverage_pct":100.0,"sample_count":1936,"active_vegetation_pct":0.0,"surface_water_pct":0.0,"ndvi":0.125,"ndwi":-0.273,"ndre":0.072,"ndmi":-0.163,"ndbi":0.163,"bsi":0.208,"soy":20,"rice":9,"cotton":24,"vegetables":24,"solar":86,"industrial_land":87,"best_crop":"cotton","confidence":95,"period":"2025_summer","power_km":39.7,"rail_km":93.1,"water_km":37.4},"geometry":{"type":"Polygon","coordinates":[[[67.3418556610023,41.21750739520869],[67.35261150684808,41.379179795473625],[67.56720998306389,41.37084598518131],[67.55592821484474,41.20922055965866],[67.3418556610023,41.21750739520869]]]}},{"type":"Feature","id":"agro-4-8","properties":{"cell_id":"TKO-04-08","latitude":41.28578,"longitude":67.66866,"area_km2":323.8,"coverage_pct":99.9,"sample_count":1936,"active_vegetation_pct":0.0,"surface_water_pct":0.0,"ndvi":0.12,"ndwi":-0.263,"ndre":0.064,"ndmi":-0.164,"ndbi":0.164,"bsi":0.206,"soy":16,"rice":9,"cotton":21,"vegetables":23,"solar":86,"industrial_land":87,"best_crop":"vegetables","confidence":95,"period":"2025_summer","power_km":21.9,"rail_km":80.4,"water_km":19.5},"geometry":{"type":"Polygon","coordinates":[[[67.55592821484474,41.20922055965866],[67.56720998306389,41.37084598518131],[67.78171610691115,41.36211358902847],[67.76990927296622,41.200537372256456],[67.55592821484474,41.20922055965866]]]}},{"type":"Feature","id":"agro-4-9","properties":{"cell_id":"TKO-04-09","latitude":41.27682,"longitude":67.88289,"area_km2":324.0,"coverage_pct":100.0,"sample_count":1936,"active_vegetation_pct":15.9,"surface_water_pct":10.4,"ndvi":0.129,"ndwi":-0.264,"ndre":0.073,"ndmi":-0.151,"ndbi":0.151,"bsi":0.198,"soy":26,"rice":27,"cotton":30,"vegetables":31,"solar":79,"industrial_land":78,"best_crop":"vegetables","confidence":95,"period":"2025_summer","power_km":4.6,"rail_km":68.7,"water_km":2.0},"geometry":{"type":"Polygon","coordinates":[[[67.76990927296622,41.200537372256456],[67.78171610691115,41.36211358902847],[67.9961256162711,41.35298311045269],[67.9837946121605,41.1914583318351],[67.76990927296622,41.200537372256456]]]}},{"type":"Feature","id":"agro-4-10","properties":{"cell_id":"TKO-04-10","latitude":41.26752,"longitude":68.09698,"area_km2":324.0,"coverage_pct":100.0,"sample_count":1936,"active_vegetation_pct":21.1,"surface_water_pct":16.4,"ndvi":0.117,"ndwi":-0.254,"ndre":0.063,"ndmi":-0.091,"ndbi":0.091,"bsi":0.158,"soy":45,"rice":55,"cotton":47,"vegetables":48,"solar":46,"industrial_land":41,"best_crop":"rice","confidence":95,"period":"2025_summer","power_km":1.5,"rail_km":57.5,"water_km":3.9},"geometry":{"type":"Polygon","coordinates":[[[67.9837946121605,41.1914583318351],[67.9961256162711,41.35298311045269],[68.21043426125141,41.343455075402204],[68.19758002125039,41.181983959535835],[67.9837946121605,41.1914583318351]]]}},{"type":"Feature","id":"agro-4-11","properties":{"cell_id":"TKO-04-11","latitude":41.25782,"longitude":68.31098,"area_km2":324.0,"coverage_pct":100.0,"sample_count":1936,"active_vegetation_pct":1.1,"surface_water_pct":0.9,"ndvi":0.115,"ndwi":-0.263,"ndre":0.062,"ndmi":-0.126,"ndbi":0.126,"bsi":0.189,"soy":28,"rice":19,"cotton":33,"vegetables":33,"solar":72,"industrial_land":67,"best_crop":"cotton","confidence":95,"period":"2025_summer","power_km":7.3,"rail_km":46.8,"water_km":14.1},"geometry":{"type":"Polygon","coordinates":[[[68.19758002125039,41.181983959535835],[68.21043426125141,41.343455075402204],[68.42463780470457,41.333530032247275],[68.41126130159792,41.17211479872071],[68.19758002125039,41.181983959535835]]]}},{"type":"Feature","id":"agro-4-12","properties":{"cell_id":"TKO-04-12","latitude":41.24773,"longitude":68.52487,"area_km2":324.0,"coverage_pct":100.0,"sample_count":1936,"active_vegetation_pct":4.6,"surface_water_pct":0.0,"ndvi":0.117,"ndwi":-0.261,"ndre":0.068,"ndmi":-0.139,"ndbi":0.139,"bsi":0.193,"soy":25,"rice":14,"cotton":30,"vegetables":31,"solar":76,"industrial_land":73,"best_crop":"vegetables","confidence":95,"period":"2025_summer","power_km":10.4,"rail_km":36.2,"water_km":3.3},"geometry":{"type":"Polygon","coordinates":[[[68.41126130159792,41.17211479872071],[68.42463780470457,41.333530032247275],[68.63873202274222,41.32320855168792],[68.62483426761064,41.161851414881816],[68.41126130159792,41.17211479872071]]]}},{"type":"Feature","id":"agro-4-13","properties":{"cell_id":"TKO-04-13","latitude":41.23724,"longitude":68.73864,"area_km2":324.0,"coverage_pct":100.0,"sample_count":1936,"active_vegetation_pct":29.6,"surface_water_pct":0.5,"ndvi":0.149,"ndwi":-0.291,"ndre":0.089,"ndmi":-0.117,"ndbi":0.117,"bsi":0.178,"soy":50,"rice":22,"cotton":49,"vegetables":46,"solar":58,"industrial_land":57,"best_crop":"soy","confidence":95,"period":"2025_summer","power_km":4.8,"rail_km":29.1,"water_km":5.6},"geometry":{"type":"Polygon","coordinates":[[[68.62483426761064,41.161851414881816],[68.63873202274222,41.32320855168792],[68.85271270524498,41.312491226658075],[68.83829474724348,41.15119439554651],[68.62483426761064,41.161851414881816]]]}},{"type":"Feature","id":"agro-4-14","properties":{"cell_id":"TKO-04-14","latitude":41.24456,"longitude":68.90616,"area_km2":159.2,"coverage_pct":49.1,"sample_count":1364,"active_vegetation_pct":54.1,"surface_water_pct":0.0,"ndvi":0.191,"ndwi":-0.324,"ndre":0.117,"ndmi":-0.077,"ndbi":0.077,"bsi":0.152,"soy":87,"rice":31,"cotton":78,"vegetables":70,"solar":27,"industrial_land":27,"best_crop":"soy","confidence":83,"period":"2025_summer","power_km":6.7,"rail_km":16.9,"water_km":0.0},"geometry":{"type":"Polygon","coordinates":[[[68.83829474724348,41.15119439554651],[68.85271270524498,41.312491226658075],[69.0020548624923,41.304773500513974],[68.99043273800015,41.29208374000006],[68.98629760700004,41.24782943800006],[68.98142242400019,41.24182128900003],[68.95143127500017,41.222702026000036],[68.94495391900017,41.19321823200014],[68.94033050500008,41.19089126500012],[68.9218826290001,41.193283082000036],[68.90715026800018,41.185794831000116],[68.8930892940001,41.17169189500015],[68.86327409142869,41.14992121677993],[68.83829474724348,41.15119439554651]]]}},{"type":"Feature","id":"agro-5-3","properties":{"cell_id":"TKO-05-03","latitude":41.4875,"longitude":66.64592,"area_km2":201.6,"coverage_pct":62.2,"sample_count":1761,"active_vegetation_pct":0.0,"surface_water_pct":0.0,"ndvi":0.118,"ndwi":-0.261,"ndre":0.074,"ndmi":-0.154,"ndbi":0.154,"bsi":0.203,"soy":21,"rice":11,"cotton":26,"vegetables":27,"solar":85,"industrial_land":83,"best_crop":"vegetables","confidence":91,"period":"2025_summer","power_km":32.1,"rail_km":157.4,"water_km":81.6},"geometry":{"type":"Polygon","coordinates":[[[66.71755328205973,41.56357864632734],[66.70830475757961,41.401785016229134],[66.58775669173613,41.405612117894016],[66.57014693991808,41.56825623153987],[66.71755328205973,41.56357864632734]]]}},{"type":"Feature","id":"agro-5-4","properties":{"cell_id":"TKO-05-04","latitude":41.47916,"longitude":66.82049,"area_km2":324.0,"coverage_pct":100.0,"sample_count":1936,"active_vegetation_pct":0.0,"surface_water_pct":0.0,"ndvi":0.115,"ndwi":-0.259,"ndre":0.075,"ndmi":-0.158,"ndbi":0.158,"bsi":0.206,"soy":18,"rice":10,"cotton":24,"vegetables":25,"solar":86,"industrial_land":85,"best_crop":"vegetables","confidence":95,"period":"2025_summer","power_km":44.6,"rail_km":145.6,"water_km":80.7},"geometry":{"type":"Polygon","coordinates":[[[66.70830475757961,41.401785016229134],[66.71755328205973,41.56357864632734],[66.93293569110581,41.556402943388385],[66.92315460378074,41.3946497577855],[66.70830475757961,41.401785016229134]]]}},{"type":"Feature","id":"agro-5-5","properties":{"cell_id":"TKO-05-05","latitude":41.4718,"longitude":67.03556,"area_km2":324.0,"coverage_pct":100.0,"sample_count":1936,"active_vegetation_pct":0.0,"surface_water_pct":0.0,"ndvi":0.109,"ndwi":-0.251,"ndre":0.07,"ndmi":-0.161,"ndbi":0.161,"bsi":0.208,"soy":14,"rice":10,"cotton":21,"vegetables":23,"solar":87,"industrial_land":86,"best_crop":"vegetables","confidence":95,"period":"2025_summer","power_km":60.5,"rail_km":131.5,"water_km":74.5},"geometry":{"type":"Polygon","coordinates":[[[66.92315460378074,41.3946497577855],[66.93293569110581,41.556402943388385],[67.1482378533326,41.54882502272197],[67.13792495208669,41.38711453906342],[66.92315460378074,41.3946497577855]]]}},{"type":"Feature","id":"agro-5-6","properties":{"cell_id":"TKO-05-06","latitude":41.46404,"longitude":67.25056,"area_km2":324.0,"coverage_pct":100.0,"sample_count":1936,"active_vegetation_pct":0.0,"surface_water_pct":0.0,"ndvi":0.107,"ndwi":-0.252,"ndre":0.066,"ndmi":-0.162,"ndbi":0.162,"bsi":0.211,"soy":13,"rice":9,"cotton":20,"vegetables":22,"solar":88,"industrial_land":87,"best_crop":"vegetables","confidence":95,"period":"2025_summer","power_km":61.1,"rail_km":118.4,"water_km":57.0},"geometry":{"type":"Polygon","coordinates":[[[67.13792495208669,41.38711453906342],[67.1482378533326,41.54882502272197],[67.36345543310254,41.54084532377522],[67.35261150684808,41.379179795473625],[67.13792495208669,41.38711453906342]]]}},{"type":"Feature","id":"agro-5-7","properties":{"cell_id":"TKO-05-07","latitude":41.45588,"longitude":67.46547,"area_km2":324.0,"coverage_pct":100.0,"sample_count":1936,"active_vegetation_pct":0.0,"surface_water_pct":0.0,"ndvi":0.121,"ndwi":-0.27,"ndre":0.074,"ndmi":-0.159,"ndbi":0.159,"bsi":0.207,"soy":20,"rice":10,"cotton":25,"vegetables":25,"solar":86,"industrial_land":85,"best_crop":"cotton","confidence":95,"period":"2025_summer","power_km":44.6,"rail_km":105.7,"water_km":39.8},"geometry":{"type":"Polygon","coordinates":[[[67.35261150684808,41.379179795473625],[67.36345543310254,41.54084532377522],[67.57858410560237,41.53246430895792],[67.56720998306389,41.37084598518131],[67.35261150684808,41.379179795473625]]]}},{"type":"Feature","id":"agro-5-8","properties":{"cell_id":"TKO-05-08","latitude":41.44733,"longitude":67.68028,"area_km2":324.0,"coverage_pct":100.0,"sample_count":1936,"active_vegetation_pct":0.0,"surface_water_pct":0.0,"ndvi":0.12,"ndwi":-0.264,"ndre":0.069,"ndmi":-0.155,"ndbi":0.155,"bsi":0.202,"soy":20,"rice":10,"cotton":25,"vegetables":26,"solar":84,"industrial_land":83,"best_crop":"vegetables","confidence":95,"period":"2025_summer","power_km":29.9,"rail_km":93.8,"water_km":23.2},"geometry":{"type":"Polygon","coordinates":[[[67.56720998306389,41.37084598518131],[67.57858410560237,41.53246430895792],[67.79361955738128,41.52368246356377],[67.78171610691115,41.36211358902847],[67.56720998306389,41.37084598518131]]]}},{"type":"Feature","id":"agro-5-9","properties":{"cell_id":"TKO-05-09","latitude":41.43837,"longitude":67.895,"area_km2":324.0,"coverage_pct":100.0,"sample_count":1936,"active_vegetation_pct":20.7,"surface_water_pct":0.0,"ndvi":0.142,"ndwi":-0.275,"ndre":0.085,"ndmi":-0.141,"ndbi":0.141,"bsi":0.188,"soy":38,"rice":16,"cotton":39,"vegetables":38,"solar":69,"industrial_land":69,"best_crop":"cotton","confidence":95,"period":"2025_summer","power_km":21.0,"rail_km":82.6,"water_km":5.8},"geometry":{"type":"Polygon","coordinates":[[[67.78171610691115,41.36211358902847],[67.79361955738128,41.52368246356377],[68.00855748688559,41.514500295688],[67.9961256162711,41.35298311045269],[67.78171610691115,41.36211358902847]]]}},{"type":"Feature","id":"agro-5-10","properties":{"cell_id":"TKO-05-10","latitude":41.42901,"longitude":68.10963,"area_km2":324.0,"coverage_pct":100.0,"sample_count":1936,"active_vegetation_pct":44.3,"surface_water_pct":1.0,"ndvi":0.149,"ndwi":-0.284,"ndre":0.093,"ndmi":-0.095,"ndbi":0.095,"bsi":0.149,"soy":62,"rice":33,"cotton":58,"vegetables":56,"solar":36,"industrial_land":37,"best_crop":"soy","confidence":95,"period":"2025_summer","power_km":15.5,"rail_km":72.1,"water_km":0.3},"geometry":{"type":"Polygon","coordinates":[[[67.9961256162711,41.35298311045269],[68.00855748688559,41.514500295688],[68.22339360498952,41.504918336141166],[68.21043426125141,41.343455075402204],[67.9961256162711,41.35298311045269]]]}},{"type":"Feature","id":"agro-5-11","properties":{"cell_id":"TKO-05-11","latitude":41.41926,"longitude":68.32415,"area_km2":324.0,"coverage_pct":100.0,"sample_count":1936,"active_vegetation_pct":0.0,"surface_water_pct":0.0,"ndvi":0.114,"ndwi":-0.257,"ndre":0.064,"ndmi":-0.14,"ndbi":0.14,"bsi":0.192,"soy":23,"rice":13,"cotton":28,"vegetables":30,"solar":76,"industrial_land":74,"best_crop":"vegetables","confidence":95,"period":"2025_summer","power_km":9.8,"rail_km":60.7,"water_km":17.5},"geometry":{"type":"Polygon","coordinates":[[[68.21043426125141,41.343455075402204],[68.22339360498952,41.504918336141166],[68.43812363552173,41.49493713835923],[68.42463780470457,41.333530032247275],[68.21043426125141,41.343455075402204]]]}},{"type":"Feature","id":"agro-5-12","properties":{"cell_id":"TKO-05-12","latitude":41.40911,"longitude":68.53856,"area_km2":324.0,"coverage_pct":100.0,"sample_count":1936,"active_vegetation_pct":0.2,"surface_water_pct":0.0,"ndvi":0.115,"ndwi":-0.258,"ndre":0.067,"ndmi":-0.139,"ndbi":0.139,"bsi":0.192,"soy":25,"rice":14,"cotton":30,"vegetables":31,"solar":76,"industrial_land":73,"best_crop":"vegetables","confidence":95,"period":"2025_summer","power_km":7.4,"rail_km":49.2,"water_km":10.4},"geometry":{"type":"Polygon","coordinates":[[[68.42463780470457,41.333530032247275],[68.43812363552173,41.49493713835923],[68.65274331578789,41.48455727831001],[68.63873202274222,41.32320855168792],[68.42463780470457,41.333530032247275]]]}},{"type":"Feature","id":"agro-5-13","properties":{"cell_id":"TKO-05-13","latitude":41.39856,"longitude":68.75286,"area_km2":324.0,"coverage_pct":100.0,"sample_count":1936,"active_vegetation_pct":27.1,"surface_water_pct":0.0,"ndvi":0.137,"ndwi":-0.282,"ndre":0.082,"ndmi":-0.128,"ndbi":0.128,"bsi":0.185,"soy":40,"rice":17,"cotton":41,"vegetables":39,"solar":66,"industrial_land":65,"best_crop":"cotton","confidence":95,"period":"2025_summer","power_km":9.5,"rail_km":32.4,"water_km":2.0},"geometry":{"type":"Polygon","coordinates":[[[68.63873202274222,41.32320855168792],[68.65274331578789,41.48455727831001],[68.86724839708876,41.47377935439587],[68.85271270524498,41.312491226658075],[68.63873202274222,41.32320855168792]]]}},{"type":"Feature","id":"agro-5-14","properties":{"cell_id":"TKO-05-14","latitude":41.39167,"longitude":68.9626,"area_km2":305.6,"coverage_pct":94.3,"sample_count":1826,"active_vegetation_pct":64.5,"surface_water_pct":0.0,"ndvi":0.261,"ndwi":-0.359,"ndre":0.173,"ndmi":0.009,"ndbi":-0.009,"bsi":0.08,"soy":100,"rice":36,"cotton":87,"vegetables":80,"solar":10,"industrial_land":13,"best_crop":"soy","confidence":93,"period":"2025_summer","power_km":2.1,"rail_km":16.2,"water_km":0.9},"geometry":{"type":"Polygon","coordinates":[[[68.85271270524498,41.312491226658075],[68.86724839708876,41.47377935439587],[69.08163464523382,41.462603987352935],[69.06951644195264,41.33296736634804],[69.06328582700007,41.333526611000025],[69.05050659100016,41.34290313800005],[69.03668975800014,41.344200134000054],[69.0020548624923,41.304773500513974],[68.85271270524498,41.312491226658075]]]}},{"type":"Feature","id":"agro-5-15","properties":{"cell_id":"TKO-05-15","latitude":41.41636,"longitude":69.11825,"area_km2":75.1,"coverage_pct":23.2,"sample_count":955,"active_vegetation_pct":83.8,"surface_water_pct":0.0,"ndvi":0.295,"ndwi":-0.369,"ndre":0.196,"ndmi":0.042,"ndbi":-0.042,"bsi":0.042,"soy":100,"rice":36,"cotton":87,"vegetables":80,"solar":10,"industrial_land":13,"best_crop":"soy","confidence":75,"period":"2025_summer","power_km":1.6,"rail_km":4.9,"water_km":0.2},"geometry":{"type":"Polygon","coordinates":[[[69.08163464523382,41.462603987352935],[69.2063932391432,41.45591492544304],[69.18482971200007,41.44589233400007],[69.17105102400006,41.41488266100015],[69.16147613500004,41.406791687],[69.1132278450001,41.386268616000045],[69.08850860600006,41.33996582100008],[69.0743331920001,41.332534790000125],[69.06951644195264,41.33296736634804],[69.08163464523382,41.462603987352935]]]}},{"type":"Feature","id":"agro-6-3","properties":{"cell_id":"TKO-06-03","latitude":41.64933,"longitude":66.64157,"area_km2":242.0,"coverage_pct":74.7,"sample_count":1782,"active_vegetation_pct":0.0,"surface_water_pct":0.0,"ndvi":0.104,"ndwi":-0.242,"ndre":0.064,"ndmi":-0.149,"ndbi":0.149,"bsi":0.201,"soy":16,"rice":12,"cotton":24,"vegetables":26,"solar":84,"industrial_land":81,"best_crop":"vegetables","confidence":92,"period":"2025_summer","power_km":43.0,"rail_km":168.9,"water_km":99.6},"geometry":{"type":"Polygon","coordinates":[[[66.72687770906217,41.72536600814146],[66.71755328205973,41.56357864632734],[66.57014693991808,41.56825623153987],[66.55157683631103,41.730925278843614],[66.72687770906217,41.72536600814146]]]}},{"type":"Feature","id":"agro-6-4","properties":{"cell_id":"TKO-06-04","latitude":41.64093,"longitude":66.83004,"area_km2":324.0,"coverage_pct":100.0,"sample_count":1936,"active_vegetation_pct":0.0,"surface_water_pct":0.0,"ndvi":0.106,"ndwi":-0.245,"ndre":0.067,"ndmi":-0.155,"ndbi":0.155,"bsi":0.203,"soy":15,"rice":11,"cotton":23,"vegetables":25,"solar":86,"industrial_land":84,"best_crop":"vegetables","confidence":95,"period":"2025_summer","power_km":54.1,"rail_km":156.6,"water_km":88.9},"geometry":{"type":"Polygon","coordinates":[[[66.71755328205973,41.56357864632734],[66.72687770906217,41.72536600814146],[66.94279702696402,41.71814966121889],[66.93293569110581,41.556402943388385],[66.71755328205973,41.56357864632734]]]}},{"type":"Feature","id":"agro-6-5","properties":{"cell_id":"TKO-06-05","latitude":41.63353,"longitude":67.04565,"area_km2":324.0,"coverage_pct":100.0,"sample_count":1936,"active_vegetation_pct":0.0,"surface_water_pct":0.0,"ndvi":0.103,"ndwi":-0.242,"ndre":0.065,"ndmi":-0.157,"ndbi":0.157,"bsi":0.204,"soy":13,"rice":10,"cotton":21,"vegetables":24,"solar":87,"industrial_land":85,"best_crop":"vegetables","confidence":95,"period":"2025_summer","power_km":69.0,"rail_km":143.6,"water_km":71.4},"geometry":{"type":"Polygon","coordinates":[[[66.93293569110581,41.556402943388385],[66.94279702696402,41.71814966121889],[67.15863533883949,41.710528828151354],[67.1482378533326,41.54882502272197],[66.93293569110581,41.556402943388385]]]}},{"type":"Feature","id":"agro-6-6","properties":{"cell_id":"TKO-06-06","latitude":41.62573,"longitude":67.26118,"area_km2":324.0,"coverage_pct":100.0,"sample_count":1936,"active_vegetation_pct":0.0,"surface_water_pct":0.0,"ndvi":0.099,"ndwi":-0.241,"ndre":0.062,"ndmi":-0.153,"ndbi":0.153,"bsi":0.203,"soy":12,"rice":10,"cotton":21,"vegetables":23,"solar":88,"industrial_land":84,"best_crop":"vegetables","confidence":95,"period":"2025_summer","power_km":69.2,"rail_km":130.9,"water_km":54.3},"geometry":{"type":"Polygon","coordinates":[[[67.1482378533326,41.54882502272197],[67.15863533883949,41.710528828151354],[67.37438826852102,41.70250395246924],[67.36345543310254,41.54084532377522],[67.1482378533326,41.54882502272197]]]}},{"type":"Feature","id":"agro-6-7","properties":{"cell_id":"TKO-06-07","latitude":41.61752,"longitude":67.47662,"area_km2":324.0,"coverage_pct":100.0,"sample_count":1936,"active_vegetation_pct":0.0,"surface_water_pct":0.0,"ndvi":0.113,"ndwi":-0.26,"ndre":0.072,"ndmi":-0.15,"ndbi":0.15,"bsi":0.202,"soy":20,"rice":11,"cotton":26,"vegetables":26,"solar":84,"industrial_land":82,"best_crop":"cotton","confidence":95,"period":"2025_summer","power_km":55.3,"rail_km":118.9,"water_km":37.9},"geometry":{"type":"Polygon","coordinates":[[[67.36345543310254,41.54084532377522],[67.37438826852102,41.70250395246924],[67.59005145084473,41.69407550087614],[67.57858410560237,41.53246430895792],[67.36345543310254,41.54084532377522]]]}},{"type":"Feature","id":"agro-6-8","properties":{"cell_id":"TKO-06-08","latitude":41.60892,"longitude":67.69197,"area_km2":324.0,"coverage_pct":100.0,"sample_count":1936,"active_vegetation_pct":0.2,"surface_water_pct":0.0,"ndvi":0.116,"ndwi":-0.25,"ndre":0.074,"ndmi":-0.142,"ndbi":0.142,"bsi":0.19,"soy":26,"rice":15,"cotton":31,"vegetables":33,"solar":74,"industrial_land":73,"best_crop":"vegetables","confidence":95,"period":"2025_summer","power_km":44.3,"rail_km":107.7,"water_km":21.1},"geometry":{"type":"Polygon","coordinates":[[[67.57858410560237,41.53246430895792],[67.59005145084473,41.69407550087614],[67.80562053219737,41.68524396316908],[67.79361955738128,41.52368246356377],[67.57858410560237,41.53246430895792]]]}},{"type":"Feature","id":"agro-6-9","properties":{"cell_id":"TKO-06-09","latitude":41.59991,"longitude":67.90722,"area_km2":324.0,"coverage_pct":100.0,"sample_count":1936,"active_vegetation_pct":39.5,"surface_water_pct":0.0,"ndvi":0.153,"ndwi":-0.268,"ndre":0.097,"ndmi":-0.11,"ndbi":0.11,"bsi":0.159,"soy":58,"rice":25,"cotton":56,"vegetables":56,"solar":43,"industrial_land":44,"best_crop":"soy","confidence":95,"period":"2025_summer","power_km":37.4,"rail_km":93.0,"water_km":3.2},"geometry":{"type":"Polygon","coordinates":[[[67.79361955738128,41.52368246356377],[67.80562053219737,41.68524396316908],[68.0210911710597,41.676009852154834],[68.00855748688559,41.514500295688],[67.79361955738128,41.52368246356377]]]}},{"type":"Feature","id":"agro-6-10","properties":{"cell_id":"TKO-06-10","latitude":41.5905,"longitude":68.12238,"area_km2":324.0,"coverage_pct":100.0,"sample_count":1936,"active_vegetation_pct":25.2,"surface_water_pct":0.3,"ndvi":0.132,"ndwi":-0.27,"ndre":0.086,"ndmi":-0.135,"ndbi":0.135,"bsi":0.188,"soy":36,"rice":18,"cotton":39,"vegetables":38,"solar":70,"industrial_land":68,"best_crop":"cotton","confidence":95,"period":"2025_summer","power_km":32.6,"rail_km":75.5,"water_km":4.5},"geometry":{"type":"Polygon","coordinates":[[[68.00855748688559,41.514500295688],[68.0210911710597,41.676009852154834],[68.23645903854565,41.6663737035625],[68.22339360498952,41.504918336141166],[68.00855748688559,41.514500295688]]]}},{"type":"Feature","id":"agro-6-11","properties":{"cell_id":"TKO-06-11","latitude":41.58069,"longitude":68.33742,"area_km2":324.0,"coverage_pct":100.0,"sample_count":1936,"active_vegetation_pct":0.0,"surface_water_pct":0.0,"ndvi":0.112,"ndwi":-0.246,"ndre":0.068,"ndmi":-0.141,"ndbi":0.141,"bsi":0.187,"soy":24,"rice":15,"cotton":29,"vegetables":32,"solar":73,"industrial_land":71,"best_crop":"vegetables","confidence":95,"period":"2025_summer","power_km":26.8,"rail_km":58.3,"water_km":20.8},"geometry":{"type":"Polygon","coordinates":[[[68.22339360498952,41.504918336141166],[68.23645903854565,41.6663737035625],[68.45171981893759,41.65633607595226],[68.43812363552173,41.49493713835923],[68.22339360498952,41.504918336141166]]]}},{"type":"Feature","id":"agro-6-12","properties":{"cell_id":"TKO-06-12","latitude":41.57048,"longitude":68.55236,"area_km2":324.0,"coverage_pct":100.0,"sample_count":1936,"active_vegetation_pct":0.1,"surface_water_pct":0.0,"ndvi":0.116,"ndwi":-0.259,"ndre":0.07,"ndmi":-0.121,"ndbi":0.121,"bsi":0.179,"soy":34,"rice":18,"cotton":37,"vegetables":38,"solar":65,"industrial_land":61,"best_crop":"vegetables","confidence":95,"period":"2025_summer","power_km":25.3,"rail_km":41.6,"water_km":15.0},"geometry":{"type":"Polygon","coordinates":[[[68.43812363552173,41.49493713835923],[68.45171981893759,41.65633607595226],[68.6668692102171,41.64589755062046],[68.65274331578789,41.48455727831001],[68.43812363552173,41.49493713835923]]]}},{"type":"Feature","id":"agro-6-13","properties":{"cell_id":"TKO-06-13","latitude":41.55987,"longitude":68.76719,"area_km2":324.0,"coverage_pct":100.0,"sample_count":1936,"active_vegetation_pct":0.1,"surface_water_pct":0.0,"ndvi":0.113,"ndwi":-0.25,"ndre":0.065,"ndmi":-0.119,"ndbi":0.119,"bsi":0.175,"soy":33,"rice":19,"cotton":36,"vegetables":38,"solar":62,"industrial_land":58,"best_crop":"vegetables","confidence":95,"period":"2025_summer","power_km":10.5,"rail_km":26.4,"water_km":12.8},"geometry":{"type":"Polygon","coordinates":[[[68.65274331578789,41.48455727831001],[68.6668692102171,41.64589755062046],[68.8819029245914,41.63505873150089],[68.86724839708876,41.47377935439587],[68.65274331578789,41.48455727831001]]]}},{"type":"Feature","id":"agro-6-14","properties":{"cell_id":"TKO-06-14","latitude":41.54887,"longitude":68.9819,"area_km2":324.0,"coverage_pct":100.0,"sample_count":1936,"active_vegetation_pct":0.6,"surface_water_pct":0.0,"ndvi":0.108,"ndwi":-0.255,"ndre":0.058,"ndmi":-0.103,"ndbi":0.103,"bsi":0.171,"soy":35,"rice":21,"cotton":38,"vegetables":40,"solar":58,"industrial_land":52,"best_crop":"vegetables","confidence":95,"period":"2025_summer","power_km":7.2,"rail_km":9.2,"water_km":9.9},"geometry":{"type":"Polygon","coordinates":[[[68.86724839708876,41.47377935439587],[68.8819029245914,41.63505873150089],[69.09681668901517,41.62382024506253],[69.08163464523382,41.462603987352935],[68.86724839708876,41.47377935439587]]]}},{"type":"Feature","id":"agro-6-15","properties":{"cell_id":"TKO-06-15","latitude":41.53894,"longitude":69.19536,"area_km2":318.2,"coverage_pct":98.2,"sample_count":1901,"active_vegetation_pct":31.6,"surface_water_pct":0.0,"ndvi":0.134,"ndwi":-0.277,"ndre":0.079,"ndmi":-0.088,"ndbi":0.088,"bsi":0.157,"soy":56,"rice":26,"cotton":54,"vegetables":52,"solar":43,"industrial_land":39,"best_crop":"soy","confidence":94,"period":"2025_summer","power_km":4.5,"rail_km":5.7,"water_km":2.7},"geometry":{"type":"Polygon","coordinates":[[[69.08163464523382,41.462603987352935],[69.09681668901517,41.62382024506253],[69.31160624570752,41.61218274020357],[69.2963508768375,41.455698012095276],[69.27373504600007,41.46260452300004],[69.24986267000014,41.4604072570001],[69.23146057200006,41.46171188300008],[69.2063932391432,41.45591492544304],[69.08163464523382,41.462603987352935]]]}},{"type":"Feature","id":"agro-6-16","properties":{"cell_id":"TKO-06-16","latitude":41.54101,"longitude":69.38772,"area_km2":222.7,"coverage_pct":68.7,"sample_count":1333,"active_vegetation_pct":80.6,"surface_water_pct":0.0,"ndvi":0.314,"ndwi":-0.4,"ndre":0.215,"ndmi":0.054,"ndbi":-0.054,"bsi":0.037,"soy":100,"rice":36,"cotton":87,"vegetables":80,"solar":10,"industrial_land":13,"best_crop":"soy","confidence":83,"period":"2025_summer","power_km":0.8,"rail_km":12.2,"water_km":0.2},"geometry":{"type":"Polygon","coordinates":[[[69.31160624570752,41.61218274020357],[69.52626735266406,41.600146888141836],[69.5233011427701,41.570812032231856],[69.51490783700018,41.55843353299997],[69.49897766100014,41.55234527500005],[69.45718383700017,41.54560852200012],[69.4208831790001,41.52240753199998],[69.40637969900018,41.504455566000054],[69.40685272100008,41.49600219700005],[69.41400146400008,41.48720169000011],[69.43929290900007,41.47476577700014],[69.4319686880001,41.45833969200004],[69.4231414790001,41.45490264900014],[69.37538146900006,41.46065521300001],[69.36385345400004,41.45684051500006],[69.34594726500006,41.45612335100002],[69.31752777100019,41.45049286],[69.3074417110002,41.45087432800017],[69.2963508768375,41.455698012095276],[69.31160624570752,41.61218274020357]]]}},{"type":"Feature","id":"agro-7-3","properties":{"cell_id":"TKO-07-03","latitude":41.81138,"longitude":66.63646,"area_km2":284.8,"coverage_pct":87.9,"sample_count":1801,"active_vegetation_pct":0.0,"surface_water_pct":0.0,"ndvi":0.099,"ndwi":-0.237,"ndre":0.059,"ndmi":-0.147,"ndbi":0.147,"bsi":0.2,"soy":14,"rice":12,"cotton":22,"vegetables":25,"solar":84,"industrial_land":80,"best_crop":"vegetables","confidence":92,"period":"2025_summer","power_km":50.6,"rail_km":181.1,"water_km":102.6},"geometry":{"type":"Polygon","coordinates":[[[66.73627875712037,41.88714708065954],[66.72687770906217,41.72536600814146],[66.55157683631103,41.730925278843614],[66.53136710244337,41.89363970398854],[66.73627875712037,41.88714708065954]]]}},{"type":"Feature","id":"agro-7-4","properties":{"cell_id":"TKO-07-04","latitude":41.80269,"longitude":66.83967,"area_km2":324.0,"coverage_pct":100.0,"sample_count":1936,"active_vegetation_pct":0.0,"surface_water_pct":0.0,"ndvi":0.094,"ndwi":-0.232,"ndre":0.057,"ndmi":-0.146,"ndbi":0.146,"bsi":0.2,"soy":12,"rice":12,"cotton":21,"vegetables":25,"solar":85,"industrial_land":80,"best_crop":"vegetables","confidence":95,"period":"2025_summer","power_km":65.5,"rail_km":168.9,"water_km":85.8},"geometry":{"type":"Polygon","coordinates":[[[66.72687770906217,41.72536600814146],[66.73627875712037,41.88714708065954],[66.95273937059088,41.87988988811275],[66.94279702696402,41.71814966121889],[66.72687770906217,41.72536600814146]]]}},{"type":"Feature","id":"agro-7-5","properties":{"cell_id":"TKO-07-05","latitude":41.79525,"longitude":67.05582,"area_km2":324.0,"coverage_pct":100.0,"sample_count":1936,"active_vegetation_pct":0.0,"surface_water_pct":0.0,"ndvi":0.102,"ndwi":-0.236,"ndre":0.063,"ndmi":-0.154,"ndbi":0.154,"bsi":0.199,"soy":13,"rice":11,"cotton":22,"vegetables":25,"solar":84,"industrial_land":82,"best_crop":"vegetables","confidence":95,"period":"2025_summer","power_km":79.3,"rail_km":156.2,"water_km":67.9},"geometry":{"type":"Polygon","coordinates":[[[66.94279702696402,41.71814966121889],[66.95273937059088,41.87988988811275],[67.16911820837436,41.87222592991829],[67.15863533883949,41.710528828151354],[66.94279702696402,41.71814966121889]]]}},{"type":"Feature","id":"agro-7-6","properties":{"cell_id":"TKO-07-06","latitude":41.78741,"longitude":67.27189,"area_km2":324.0,"coverage_pct":100.0,"sample_count":1936,"active_vegetation_pct":0.0,"surface_water_pct":0.0,"ndvi":0.107,"ndwi":-0.247,"ndre":0.068,"ndmi":-0.155,"ndbi":0.155,"bsi":0.201,"soy":16,"rice":11,"cotton":23,"vegetables":25,"solar":85,"industrial_land":83,"best_crop":"vegetables","confidence":95,"period":"2025_summer","power_km":80.6,"rail_km":141.9,"water_km":50.1},"geometry":{"type":"Polygon","coordinates":[[[67.15863533883949,41.710528828151354],[67.16911820837436,41.87222592991829],[67.38541085322254,41.86415565373741],[67.37438826852102,41.70250395246924],[67.15863533883949,41.710528828151354]]]}},{"type":"Feature","id":"agro-7-7","properties":{"cell_id":"TKO-07-07","latitude":41.77916,"longitude":67.48787,"area_km2":324.0,"coverage_pct":100.0,"sample_count":1936,"active_vegetation_pct":0.0,"surface_water_pct":0.0,"ndvi":0.106,"ndwi":-0.247,"ndre":0.066,"ndmi":-0.149,"ndbi":0.149,"bsi":0.198,"soy":17,"rice":12,"cotton":24,"vegetables":26,"solar":83,"industrial_land":80,"best_crop":"vegetables","confidence":95,"period":"2025_summer","power_km":69.0,"rail_km":124.7,"water_km":32.3},"geometry":{"type":"Polygon","coordinates":[[[67.37438826852102,41.70250395246924],[67.38541085322254,41.86415565373741],[67.6016128990739,41.85567953061767],[67.59005145084473,41.69407550087614],[67.37438826852102,41.70250395246924]]]}},{"type":"Feature","id":"agro-7-8","properties":{"cell_id":"TKO-07-08","latitude":41.7705,"longitude":67.70375,"area_km2":324.0,"coverage_pct":100.0,"sample_count":1936,"active_vegetation_pct":0.1,"surface_water_pct":0.0,"ndvi":0.106,"ndwi":-0.233,"ndre":0.067,"ndmi":-0.136,"ndbi":0.136,"bsi":0.183,"soy":24,"rice":16,"cotton":30,"vegetables":34,"solar":70,"industrial_land":68,"best_crop":"vegetables","confidence":95,"period":"2025_summer","power_km":58.2,"rail_km":107.0,"water_km":15.0},"geometry":{"type":"Polygon","coordinates":[[[67.59005145084473,41.69407550087614],[67.6016128990739,41.85567953061767],[67.81771995160945,41.84679805491179],[67.80562053219737,41.68524396316908],[67.59005145084473,41.69407550087614]]]}},{"type":"Feature","id":"agro-7-9","properties":{"cell_id":"TKO-07-09","latitude":41.76144,"longitude":67.91954,"area_km2":324.0,"coverage_pct":100.0,"sample_count":1936,"active_vegetation_pct":66.2,"surface_water_pct":0.0,"ndvi":0.431,"ndwi":-0.466,"ndre":0.297,"ndmi":0.117,"ndbi":-0.117,"bsi":-0.027,"soy":100,"rice":36,"cotton":87,"vegetables":80,"solar":10,"industrial_land":13,"best_crop":"soy","confidence":95,"period":"2025_summer","power_km":46.7,"rail_km":89.3,"water_km":1.7},"geometry":{"type":"Polygon","coordinates":[[[67.80562053219737,41.68524396316908],[67.81771995160945,41.84679805491179],[68.03372762880501,41.83751174419291],[68.0210911710597,41.676009852154834],[67.80562053219737,41.68524396316908]]]}},{"type":"Feature","id":"agro-7-10","properties":{"cell_id":"TKO-07-10","latitude":41.75198,"longitude":68.13523,"area_km2":324.0,"coverage_pct":100.0,"sample_count":1936,"active_vegetation_pct":19.7,"surface_water_pct":0.3,"ndvi":0.133,"ndwi":-0.274,"ndre":0.087,"ndmi":-0.142,"ndbi":0.142,"bsi":0.192,"soy":34,"rice":16,"cotton":36,"vegetables":35,"solar":73,"industrial_land":73,"best_crop":"cotton","confidence":95,"period":"2025_summer","power_km":40.3,"rail_km":71.6,"water_km":5.8},"geometry":{"type":"Polygon","coordinates":[[[68.0210911710597,41.676009852154834],[68.03372762880501,41.83751174419291],[68.24963156147913,41.8278211391658],[68.23645903854565,41.6663737035625],[68.0210911710597,41.676009852154834]]]}},{"type":"Feature","id":"agro-7-11","properties":{"cell_id":"TKO-07-11","latitude":41.74212,"longitude":68.35081,"area_km2":324.0,"coverage_pct":100.0,"sample_count":1936,"active_vegetation_pct":0.0,"surface_water_pct":0.0,"ndvi":0.119,"ndwi":-0.264,"ndre":0.074,"ndmi":-0.129,"ndbi":0.129,"bsi":0.186,"soy":32,"rice":16,"cotton":35,"vegetables":35,"solar":70,"industrial_land":67,"best_crop":"cotton","confidence":95,"period":"2025_summer","power_km":41.3,"rail_km":54.2,"water_km":21.1},"geometry":{"type":"Polygon","coordinates":[[[68.23645903854565,41.6663737035625],[68.24963156147913,41.8278211391658],[68.46542739383695,41.81772680357433],[68.45171981893759,41.65633607595226],[68.23645903854565,41.6663737035625]]]}},{"type":"Feature","id":"agro-7-12","properties":{"cell_id":"TKO-07-12","latitude":41.73185,"longitude":68.56628,"area_km2":324.0,"coverage_pct":100.0,"sample_count":1936,"active_vegetation_pct":0.0,"surface_water_pct":0.0,"ndvi":0.118,"ndwi":-0.267,"ndre":0.072,"ndmi":-0.122,"ndbi":0.122,"bsi":0.182,"soy":34,"rice":17,"cotton":36,"vegetables":36,"solar":67,"industrial_land":63,"best_crop":"cotton","confidence":95,"period":"2025_summer","power_km":31.9,"rail_km":37.3,"water_km":30.4},"geometry":{"type":"Polygon","coordinates":[[[68.45171981893759,41.65633607595226],[68.46542739383695,41.81772680357433],[68.68111078400953,41.807229324105094],[68.6668692102171,41.64589755062046],[68.45171981893759,41.65633607595226]]]}},{"type":"Feature","id":"agro-7-13","properties":{"cell_id":"TKO-07-13","latitude":41.72118,"longitude":68.78164,"area_km2":324.0,"coverage_pct":100.0,"sample_count":1936,"active_vegetation_pct":0.2,"surface_water_pct":0.0,"ndvi":0.117,"ndwi":-0.262,"ndre":0.071,"ndmi":-0.12,"ndbi":0.12,"bsi":0.18,"soy":34,"rice":18,"cotton":37,"vegetables":38,"solar":65,"industrial_land":61,"best_crop":"vegetables","confidence":95,"period":"2025_summer","power_km":16.6,"rail_km":19.4,"water_km":29.4},"geometry":{"type":"Polygon","coordinates":[[[68.6668692102171,41.64589755062046],[68.68111078400953,41.807229324105094],[68.89667740458877,41.79632931028735],[68.8819029245914,41.63505873150089],[68.6668692102171,41.64589755062046]]]}},{"type":"Feature","id":"agro-7-14","properties":{"cell_id":"TKO-07-14","latitude":41.71011,"longitude":68.99688,"area_km2":324.0,"coverage_pct":100.0,"sample_count":1936,"active_vegetation_pct":0.3,"surface_water_pct":0.0,"ndvi":0.115,"ndwi":-0.265,"ndre":0.064,"ndmi":-0.109,"ndbi":0.109,"bsi":0.175,"soy":36,"rice":20,"cotton":39,"vegetables":39,"solar":61,"industrial_land":56,"best_crop":"cotton","confidence":95,"period":"2025_summer","power_km":0.0,"rail_km":1.6,"water_km":25.2},"geometry":{"type":"Polygon","coordinates":[[[68.8819029245914,41.63505873150089],[68.89667740458877,41.79632931028735],[69.1121229431575,41.78502739438914],[69.09681668901517,41.62382024506253],[68.8819029245914,41.63505873150089]]]}},{"type":"Feature","id":"agro-7-15","properties":{"cell_id":"TKO-07-15","latitude":41.69864,"longitude":69.212,"area_km2":324.0,"coverage_pct":100.0,"sample_count":1936,"active_vegetation_pct":3.1,"surface_water_pct":0.0,"ndvi":0.132,"ndwi":-0.28,"ndre":0.078,"ndmi":-0.104,"ndbi":0.104,"bsi":0.17,"soy":48,"rice":22,"cotton":47,"vegetables":45,"solar":54,"industrial_land":51,"best_crop":"soy","confidence":95,"period":"2025_summer","power_km":0.1,"rail_km":12.7,"water_km":10.2},"geometry":{"type":"Polygon","coordinates":[[[69.09681668901517,41.62382024506253],[69.1121229431575,41.78502739438914],[69.32744310281468,41.773324231309914],[69.31160624570752,41.61218274020357],[69.09681668901517,41.62382024506253]]]}},{"type":"Feature","id":"agro-7-16","properties":{"cell_id":"TKO-07-16","latitude":41.68677,"longitude":69.42699,"area_km2":324.0,"coverage_pct":100.0,"sample_count":1936,"active_vegetation_pct":46.1,"surface_water_pct":0.0,"ndvi":0.172,"ndwi":-0.311,"ndre":0.105,"ndmi":-0.046,"ndbi":0.046,"bsi":0.134,"soy":85,"rice":33,"cotton":75,"vegetables":70,"solar":18,"industrial_land":18,"best_crop":"soy","confidence":95,"period":"2025_summer","power_km":3.0,"rail_km":24.9,"water_km":2.3},"geometry":{"type":"Polygon","coordinates":[[[69.31160624570752,41.61218274020357],[69.32744310281468,41.773324231309914],[69.5426336026956,41.76122049846926],[69.52626735266406,41.600146888141836],[69.31160624570752,41.61218274020357]]]}},{"type":"Feature","id":"agro-7-17","properties":{"cell_id":"TKO-07-17","latitude":41.70014,"longitude":69.62386,"area_km2":202.6,"coverage_pct":62.5,"sample_count":1214,"active_vegetation_pct":58.8,"surface_water_pct":0.0,"ndvi":0.196,"ndwi":-0.335,"ndre":0.12,"ndmi":-0.081,"ndbi":0.081,"bsi":0.15,"soy":89,"rice":31,"cotton":78,"vegetables":71,"solar":26,"industrial_land":27,"best_crop":"soy","confidence":80,"period":"2025_summer","power_km":14.9,"rail_km":17.0,"water_km":0.5},"geometry":{"type":"Polygon","coordinates":[[[69.52626735266406,41.600146888141836],[69.5426336026956,41.76122049846926],[69.7576901784869,41.74871689569225],[69.75221804385322,41.69671196277562],[69.7471084600001,41.69863891600005],[69.72893524100004,41.69660568300014],[69.70645141500006,41.67761993500006],[69.69162750300012,41.67230224600019],[69.62107086200012,41.65801620400015],[69.59461212200011,41.63949584900013],[69.5883331300002,41.631156921000134],[69.56768798800016,41.61957168500003],[69.54246562676451,41.59922221663275],[69.52626735266406,41.600146888141836]]]}},{"type":"Feature","id":"agro-7-18","properties":{"cell_id":"TKO-07-18","latitude":41.72443,"longitude":69.84624,"area_km2":66.5,"coverage_pct":20.5,"sample_count":1297,"active_vegetation_pct":96.6,"surface_water_pct":0.0,"ndvi":0.257,"ndwi":-0.404,"ndre":0.163,"ndmi":-0.065,"ndbi":0.065,"bsi":0.135,"soy":99,"rice":36,"cotton":87,"vegetables":79,"solar":13,"industrial_land":15,"best_crop":"soy","confidence":82,"period":"2025_summer","power_km":9.1,"rail_km":13.2,"water_km":0.8},"geometry":{"type":"Polygon","coordinates":[[[69.7576901784869,41.74871689569225],[69.9613622758579,41.736499421357195],[69.9488296500001,41.716239930000086],[69.8905410770002,41.6970863350001],[69.88140869100005,41.69779586800012],[69.86949157800018,41.70845794800015],[69.84350586,41.71912765500019],[69.83280181800006,41.71907425000011],[69.79666137700019,41.70197296200007],[69.75247955200007,41.696613313000064],[69.7576901784869,41.74871689569225]]]}},{"type":"Feature","id":"agro-8-0","properties":{"cell_id":"TKO-08-00","latitude":42.00511,"longitude":66.05019,"area_km2":98.7,"coverage_pct":30.5,"sample_count":1856,"active_vegetation_pct":0.0,"surface_water_pct":0.0,"ndvi":0.094,"ndwi":-0.222,"ndre":0.053,"ndmi":-0.165,"ndbi":0.165,"bsi":0.202,"soy":5,"rice":9,"cotton":15,"vegetables":21,"solar":89,"industrial_land":87,"best_crop":"vegetables","confidence":93,"period":"2025_summer","power_km":46.2,"rail_km":216.5,"water_km":138.4},"geometry":{"type":"Polygon","coordinates":[[[66.09428755530801,42.06835806786582],[66.08786632406967,41.93581690815879],[66.00854500000014,41.943497],[66.00986915110178,42.0706051944364],[66.09428755530801,42.06835806786582]]]}},{"type":"Feature","id":"agro-8-1","properties":{"cell_id":"TKO-08-01","latitude":41.99592,"longitude":66.20109,"area_km2":277.7,"coverage_pct":85.7,"sample_count":1853,"active_vegetation_pct":0.0,"surface_water_pct":0.0,"ndvi":0.094,"ndwi":-0.221,"ndre":0.056,"ndmi":-0.15,"ndbi":0.15,"bsi":0.194,"soy":11,"rice":12,"cotton":21,"vegetables":26,"solar":81,"industrial_land":78,"best_crop":"vegetables","confidence":93,"period":"2025_summer","power_km":45.8,"rail_km":205.8,"water_km":135.3},"geometry":{"type":"Polygon","coordinates":[[[66.09428755530801,42.06835806786582],[66.31151470173033,42.062289468812835],[66.3039991632966,41.91728035795054],[66.08786632406967,41.93581690815879],[66.09428755530801,42.06835806786582]]]}},{"type":"Feature","id":"agro-8-2","properties":{"cell_id":"TKO-08-02","latitude":41.98318,"longitude":66.41761,"area_km2":303.6,"coverage_pct":93.7,"sample_count":1852,"active_vegetation_pct":0.0,"surface_water_pct":0.0,"ndvi":0.099,"ndwi":-0.233,"ndre":0.059,"ndmi":-0.156,"ndbi":0.156,"bsi":0.201,"soy":11,"rice":10,"cotton":20,"vegetables":24,"solar":86,"industrial_land":83,"best_crop":"vegetables","confidence":93,"period":"2025_summer","power_km":50.8,"rail_km":190.8,"water_km":117.6},"geometry":{"type":"Polygon","coordinates":[[[66.31151470173033,42.062289468812835],[66.52867273137738,42.05581060025639],[66.5199269256651,41.89738270036962],[66.3039991632966,41.91728035795054],[66.31151470173033,42.062289468812835]]]}},{"type":"Feature","id":"agro-8-3","properties":{"cell_id":"TKO-08-03","latitude":41.97159,"longitude":66.63272,"area_km2":323.7,"coverage_pct":99.9,"sample_count":1934,"active_vegetation_pct":0.0,"surface_water_pct":0.0,"ndvi":0.095,"ndwi":-0.23,"ndre":0.056,"ndmi":-0.157,"ndbi":0.157,"bsi":0.203,"soy":8,"rice":10,"cotton":18,"vegetables":22,"solar":88,"industrial_land":85,"best_crop":"vegetables","confidence":95,"period":"2025_summer","power_km":61.0,"rail_km":176.3,"water_km":99.9},"geometry":{"type":"Polygon","coordinates":[[[66.52867273137738,42.05581060025639],[66.74575715466773,42.04892184277886],[66.73627875712037,41.88714708065954],[66.53136710244337,41.89363970398854],[66.53076172000004,41.89629364000005],[66.5199269256651,41.89738270036962],[66.52867273137738,42.05581060025639]]]}},{"type":"Feature","id":"agro-8-4","properties":{"cell_id":"TKO-08-04","latitude":41.96445,"longitude":66.84938,"area_km2":324.0,"coverage_pct":100.0,"sample_count":1936,"active_vegetation_pct":0.0,"surface_water_pct":0.0,"ndvi":0.088,"ndwi":-0.219,"ndre":0.052,"ndmi":-0.141,"ndbi":0.141,"bsi":0.193,"soy":12,"rice":13,"cotton":22,"vegetables":27,"solar":80,"industrial_land":75,"best_crop":"vegetables","confidence":95,"period":"2025_summer","power_km":74.5,"rail_km":162.0,"water_km":82.2},"geometry":{"type":"Polygon","coordinates":[[[66.73627875712037,41.88714708065954],[66.74575715466773,42.04892184277886],[66.96276349167601,42.04162360078682],[66.95273937059088,41.87988988811275],[66.73627875712037,41.88714708065954]]]}},{"type":"Feature","id":"agro-8-5","properties":{"cell_id":"TKO-08-05","latitude":41.95697,"longitude":67.06608,"area_km2":324.0,"coverage_pct":100.0,"sample_count":1936,"active_vegetation_pct":0.0,"surface_water_pct":0.0,"ndvi":0.089,"ndwi":-0.217,"ndre":0.053,"ndmi":-0.141,"ndbi":0.141,"bsi":0.19,"soy":13,"rice":14,"cotton":22,"vegetables":28,"solar":78,"industrial_land":73,"best_crop":"vegetables","confidence":95,"period":"2025_summer","power_km":89.5,"rail_km":147.1,"water_km":64.6},"geometry":{"type":"Polygon","coordinates":[[[66.95273937059088,41.87988988811275],[66.96276349167601,42.04162360078682],[67.17968727270905,42.03391630244106],[67.16911820837436,41.87222592991829],[66.95273937059088,41.87988988811275]]]}},{"type":"Feature","id":"agro-8-6","properties":{"cell_id":"TKO-08-06","latitude":41.94908,"longitude":67.28269,"area_km2":324.0,"coverage_pct":100.0,"sample_count":1936,"active_vegetation_pct":0.0,"surface_water_pct":0.0,"ndvi":0.101,"ndwi":-0.237,"ndre":0.063,"ndmi":-0.148,"ndbi":0.148,"bsi":0.194,"soy":16,"rice":12,"cotton":24,"vegetables":27,"solar":81,"industrial_land":78,"best_crop":"vegetables","confidence":95,"period":"2025_summer","power_km":81.4,"rail_km":132.5,"water_km":47.2},"geometry":{"type":"Polygon","coordinates":[[[67.16911820837436,41.87222592991829],[67.17968727270905,42.03391630244106],[67.39652403887814,42.02580039958212],[67.38541085322254,41.86415565373741],[67.16911820837436,41.87222592991829]]]}},{"type":"Feature","id":"agro-8-7","properties":{"cell_id":"TKO-08-07","latitude":41.94078,"longitude":67.4992,"area_km2":324.0,"coverage_pct":100.0,"sample_count":1936,"active_vegetation_pct":0.0,"surface_water_pct":0.0,"ndvi":0.105,"ndwi":-0.238,"ndre":0.066,"ndmi":-0.139,"ndbi":0.139,"bsi":0.19,"soy":21,"rice":15,"cotton":28,"vegetables":31,"solar":76,"industrial_land":72,"best_crop":"vegetables","confidence":95,"period":"2025_summer","power_km":64.3,"rail_km":117.1,"water_km":30.4},"geometry":{"type":"Polygon","coordinates":[[[67.38541085322254,41.86415565373741],[67.39652403887814,42.02580039958212],[67.61326934266808,42.01727636765234],[67.6016128990739,41.85567953061767],[67.38541085322254,41.86415565373741]]]}},{"type":"Feature","id":"agro-8-8","properties":{"cell_id":"TKO-08-08","latitude":41.93208,"longitude":67.71563,"area_km2":324.0,"coverage_pct":100.0,"sample_count":1936,"active_vegetation_pct":0.3,"surface_water_pct":0.1,"ndvi":0.099,"ndwi":-0.218,"ndre":0.059,"ndmi":-0.098,"ndbi":0.098,"bsi":0.155,"soy":36,"rice":25,"cotton":42,"vegetables":47,"solar":47,"industrial_land":42,"best_crop":"vegetables","confidence":95,"period":"2025_summer","power_km":47.8,"rail_km":101.8,"water_km":15.5},"geometry":{"type":"Polygon","coordinates":[[[67.6016128990739,41.85567953061767],[67.61326934266808,42.01727636765234],[67.8299187485021,42.008344705613496],[67.81771995160945,41.84679805491179],[67.6016128990739,41.85567953061767]]]}},{"type":"Feature","id":"agro-8-9","properties":{"cell_id":"TKO-08-09","latitude":41.92297,"longitude":67.93196,"area_km2":324.0,"coverage_pct":100.0,"sample_count":1936,"active_vegetation_pct":79.1,"surface_water_pct":0.0,"ndvi":0.476,"ndwi":-0.49,"ndre":0.322,"ndmi":0.173,"ndbi":-0.173,"bsi":-0.079,"soy":100,"rice":36,"cotton":87,"vegetables":80,"solar":10,"industrial_land":13,"best_crop":"soy","confidence":95,"period":"2025_summer","power_km":32.8,"rail_km":86.3,"water_km":2.3},"geometry":{"type":"Polygon","coordinates":[[[67.81771995160945,41.84679805491179],[67.8299187485021,42.008344705613496],[68.04646783330297,41.999005935860794],[68.03372762880501,41.83751174419291],[67.81771995160945,41.84679805491179]]]}},{"type":"Feature","id":"agro-8-10","properties":{"cell_id":"TKO-08-10","latitude":41.91345,"longitude":68.14818,"area_km2":324.0,"coverage_pct":100.0,"sample_count":1936,"active_vegetation_pct":38.2,"surface_water_pct":0.4,"ndvi":0.134,"ndwi":-0.267,"ndre":0.088,"ndmi":-0.109,"ndbi":0.109,"bsi":0.161,"soy":50,"rice":25,"cotton":49,"vegetables":49,"solar":48,"industrial_land":47,"best_crop":"soy","confidence":95,"period":"2025_summer","power_km":22.7,"rail_km":68.9,"water_km":2.3},"geometry":{"type":"Polygon","coordinates":[[[68.03372762880501,41.83751174419291],[68.04646783330297,41.999005935860794],[68.26291218705006,41.98926060413276],[68.24963156147913,41.8278211391658],[68.03372762880501,41.83751174419291]]]}},{"type":"Feature","id":"agro-8-11","properties":{"cell_id":"TKO-08-11","latitude":41.90353,"longitude":68.3643,"area_km2":324.0,"coverage_pct":100.0,"sample_count":1936,"active_vegetation_pct":0.2,"surface_water_pct":0.0,"ndvi":0.128,"ndwi":-0.276,"ndre":0.083,"ndmi":-0.145,"ndbi":0.145,"bsi":0.197,"soy":30,"rice":13,"cotton":33,"vegetables":32,"solar":78,"industrial_land":77,"best_crop":"cotton","confidence":95,"period":"2025_summer","power_km":24.5,"rail_km":51.7,"water_km":17.9},"geometry":{"type":"Polygon","coordinates":[[[68.24963156147913,41.8278211391658],[68.26291218705006,41.98926060413276],[68.4792474133318,41.97910927941735],[68.46542739383695,41.81772680357433],[68.24963156147913,41.8278211391658]]]}},{"type":"Feature","id":"agro-8-12","properties":{"cell_id":"TKO-08-12","latitude":41.89321,"longitude":68.58031,"area_km2":324.0,"coverage_pct":100.0,"sample_count":1936,"active_vegetation_pct":0.0,"surface_water_pct":0.0,"ndvi":0.127,"ndwi":-0.284,"ndre":0.08,"ndmi":-0.126,"ndbi":0.126,"bsi":0.19,"soy":36,"rice":16,"cotton":38,"vegetables":35,"solar":71,"industrial_land":68,"best_crop":"cotton","confidence":95,"period":"2025_summer","power_km":29.7,"rail_km":33.8,"water_km":35.2},"geometry":{"type":"Polygon","coordinates":[[[68.46542739383695,41.81772680357433],[68.4792474133318,41.97910927941735],[68.69546912989394,41.968552553854195],[68.68111078400953,41.807229324105094],[68.46542739383695,41.81772680357433]]]}},{"type":"Feature","id":"agro-8-13","properties":{"cell_id":"TKO-08-13","latitude":41.88248,"longitude":68.79621,"area_km2":324.0,"coverage_pct":100.0,"sample_count":1936,"active_vegetation_pct":0.2,"surface_water_pct":0.0,"ndvi":0.128,"ndwi":-0.294,"ndre":0.08,"ndmi":-0.115,"ndbi":0.115,"bsi":0.187,"soy":41,"rice":17,"cotton":41,"vegetables":37,"solar":68,"industrial_land":63,"best_crop":"soy","confidence":95,"period":"2025_summer","power_km":12.4,"rail_km":15.9,"water_km":47.0},"geometry":{"type":"Polygon","coordinates":[[[68.68111078400953,41.807229324105094],[68.69546912989394,41.968552553854195],[68.91157296918284,41.95759104263302],[68.89667740458877,41.79632931028735],[68.68111078400953,41.807229324105094]]]}},{"type":"Feature","id":"agro-8-14","properties":{"cell_id":"TKO-08-14","latitude":41.87134,"longitude":69.01198,"area_km2":324.0,"coverage_pct":100.0,"sample_count":1936,"active_vegetation_pct":0.6,"surface_water_pct":0.0,"ndvi":0.133,"ndwi":-0.296,"ndre":0.08,"ndmi":-0.115,"ndbi":0.115,"bsi":0.185,"soy":43,"rice":18,"cotton":42,"vegetables":39,"solar":66,"industrial_land":62,"best_crop":"soy","confidence":95,"period":"2025_summer","power_km":5.1,"rail_km":1.5,"water_km":33.1},"geometry":{"type":"Polygon","coordinates":[[[68.89667740458877,41.79632931028735],[68.91157296918284,41.95759104263302],[69.12755457888426,41.94622538388837],[69.1121229431575,41.78502739438914],[68.89667740458877,41.79632931028735]]]}},{"type":"Feature","id":"agro-8-15","properties":{"cell_id":"TKO-08-15","latitude":41.85981,"longitude":69.22763,"area_km2":324.0,"coverage_pct":100.0,"sample_count":1936,"active_vegetation_pct":6.7,"surface_water_pct":0.0,"ndvi":0.147,"ndwi":-0.31,"ndre":0.089,"ndmi":-0.1,"ndbi":0.1,"bsi":0.174,"soy":56,"rice":22,"cotton":52,"vegetables":47,"solar":54,"industrial_land":51,"best_crop":"soy","confidence":95,"period":"2025_summer","power_km":10.7,"rail_km":17.1,"water_km":15.2},"geometry":{"type":"Polygon","coordinates":[[[69.1121229431575,41.78502739438914],[69.12755457888426,41.94622538388837],[69.34340962245679,41.93445623859039],[69.32744310281468,41.773324231309914],[69.1121229431575,41.78502739438914]]]}},{"type":"Feature","id":"agro-8-16","properties":{"cell_id":"TKO-08-16","latitude":41.84787,"longitude":69.44316,"area_km2":324.0,"coverage_pct":100.0,"sample_count":1936,"active_vegetation_pct":24.4,"surface_water_pct":0.0,"ndvi":0.149,"ndwi":-0.297,"ndre":0.09,"ndmi":-0.073,"ndbi":0.073,"bsi":0.154,"soy":68,"rice":29,"cotton":63,"vegetables":59,"solar":36,"industrial_land":31,"best_crop":"soy","confidence":95,"period":"2025_summer","power_km":3.5,"rail_km":34.1,"water_km":2.1},"geometry":{"type":"Polygon","coordinates":[[[69.32744310281468,41.773324231309914],[69.34340962245679,41.93445623859039],[69.55913377966041,41.922284290432295],[69.5426336026956,41.76122049846926],[69.32744310281468,41.773324231309914]]]}},{"type":"Feature","id":"agro-8-17","properties":{"cell_id":"TKO-08-17","latitude":41.83553,"longitude":69.65855,"area_km2":324.0,"coverage_pct":100.0,"sample_count":1936,"active_vegetation_pct":36.4,"surface_water_pct":0.0,"ndvi":0.164,"ndwi":-0.31,"ndre":0.1,"ndmi":-0.088,"ndbi":0.088,"bsi":0.16,"soy":70,"rice":27,"cotton":64,"vegetables":58,"solar":40,"industrial_land":38,"best_crop":"soy","confidence":95,"period":"2025_summer","power_km":20.1,"rail_km":29.9,"water_km":3.7},"geometry":{"type":"Polygon","coordinates":[[[69.5426336026956,41.76122049846926],[69.55913377966041,41.922284290432295],[69.77472274707962,41.90971024571375],[69.7576901784869,41.74871689569225],[69.5426336026956,41.76122049846926]]]}},{"type":"Feature","id":"agro-8-18","properties":{"cell_id":"TKO-08-18","latitude":41.82315,"longitude":69.87336,"area_km2":322.5,"coverage_pct":99.5,"sample_count":1927,"active_vegetation_pct":86.6,"surface_water_pct":0.0,"ndvi":0.235,"ndwi":-0.377,"ndre":0.148,"ndmi":-0.1,"ndbi":0.1,"bsi":0.159,"soy":84,"rice":28,"cotton":75,"vegetables":67,"solar":34,"industrial_land":38,"best_crop":"soy","confidence":95,"period":"2025_summer","power_km":17.7,"rail_km":22.7,"water_km":7.3},"geometry":{"type":"Polygon","coordinates":[[[69.7576901784869,41.74871689569225],[69.77472274707962,41.90971024571375],[69.99017223864097,41.89673483322098],[69.97565507414025,41.76382140548312],[69.9613622758579,41.736499421357195],[69.7576901784869,41.74871689569225]]]}},{"type":"Feature","id":"agro-8-19","properties":{"cell_id":"TKO-08-19","latitude":41.84435,"longitude":70.06065,"area_km2":148.4,"coverage_pct":45.8,"sample_count":1184,"active_vegetation_pct":90.5,"surface_water_pct":0.0,"ndvi":0.26,"ndwi":-0.402,"ndre":0.168,"ndmi":-0.121,"ndbi":0.121,"bsi":0.169,"soy":76,"rice":24,"cotton":68,"vegetables":61,"solar":44,"industrial_land":50,"best_crop":"soy","confidence":79,"period":"2025_summer","power_km":13.3,"rail_km":26.5,"water_km":5.7},"geometry":{"type":"Polygon","coordinates":[[[69.99017223864097,41.89673483322098],[70.18502202669394,41.88464724372736],[70.17250823900008,41.86069107100007],[70.15973663300014,41.84430313100007],[70.09075927800006,41.818489074000176],[70.06171417200011,41.80294799800004],[70.04589080800008,41.7683067320001],[70.03894805800009,41.76340484499996],[70.0317611690001,41.76146698000014],[70.02395629800009,41.76339721700009],[70.02050781200006,41.768047333000084],[70.02159881500019,41.77703475900011],[70.01335144100005,41.78788376000005],[70.00498962400019,41.789096832000084],[69.99024963400007,41.78588867100012],[69.97565507414025,41.76382140548312],[69.99017223864097,41.89673483322098]]]}},{"type":"Feature","id":"agro-9-0","properties":{"cell_id":"TKO-09-00","latitude":42.15118,"longitude":66.0549,"area_km2":129.1,"coverage_pct":39.9,"sample_count":1898,"active_vegetation_pct":0.0,"surface_water_pct":0.0,"ndvi":0.093,"ndwi":-0.218,"ndre":0.052,"ndmi":-0.169,"ndbi":0.169,"bsi":0.202,"soy":4,"rice":9,"cotton":15,"vegetables":21,"solar":89,"industrial_land":87,"best_crop":"vegetables","confidence":94,"period":"2025_summer","power_km":62.4,"rail_km":205.9,"water_km":147.3},"geometry":{"type":"Polygon","coordinates":[[[66.10218913905686,42.23023641364672],[66.09428755530801,42.06835806786582],[66.00986915110178,42.0706051944364],[66.01355233624874,42.23260160494654],[66.10218913905686,42.23023641364672]]]}},{"type":"Feature","id":"agro-9-1","properties":{"cell_id":"TKO-09-01","latitude":42.14631,"longitude":66.20699,"area_km2":324.0,"coverage_pct":100.0,"sample_count":1936,"active_vegetation_pct":0.0,"surface_water_pct":0.0,"ndvi":0.097,"ndwi":-0.222,"ndre":0.057,"ndmi":-0.165,"ndbi":0.165,"bsi":0.2,"soy":7,"rice":9,"cotton":17,"vegetables":22,"solar":87,"industrial_land":86,"best_crop":"vegetables","confidence":95,"period":"2025_summer","power_km":62.4,"rail_km":197.9,"water_km":134.8},"geometry":{"type":"Polygon","coordinates":[[[66.09428755530801,42.06835806786582],[66.10218913905686,42.23023641364672],[66.31996859706571,42.22413348838105],[66.31151470173033,42.062289468812835],[66.09428755530801,42.06835806786582]]]}},{"type":"Feature","id":"agro-9-2","properties":{"cell_id":"TKO-09-02","latitude":42.14002,"longitude":66.42446,"area_km2":324.0,"coverage_pct":100.0,"sample_count":1936,"active_vegetation_pct":0.0,"surface_water_pct":0.0,"ndvi":0.099,"ndwi":-0.228,"ndre":0.061,"ndmi":-0.165,"ndbi":0.165,"bsi":0.202,"soy":8,"rice":9,"cotton":18,"vegetables":22,"solar":88,"industrial_land":87,"best_crop":"vegetables","confidence":95,"period":"2025_summer","power_km":66.6,"rail_km":181.8,"water_km":116.9},"geometry":{"type":"Polygon","coordinates":[[[66.31151470173033,42.062289468812835],[66.31996859706571,42.22413348838105],[66.5376782748829,42.217617980215984],[66.52867273137738,42.05581060025639],[66.31151470173033,42.062289468812835]]]}},{"type":"Feature","id":"agro-9-3","properties":{"cell_id":"TKO-09-03","latitude":42.13331,"longitude":66.64186,"area_km2":324.0,"coverage_pct":100.0,"sample_count":1936,"active_vegetation_pct":0.0,"surface_water_pct":0.0,"ndvi":0.092,"ndwi":-0.223,"ndre":0.052,"ndmi":-0.158,"ndbi":0.158,"bsi":0.201,"soy":6,"rice":10,"cotton":17,"vegetables":22,"solar":88,"industrial_land":84,"best_crop":"vegetables","confidence":95,"period":"2025_summer","power_km":75.0,"rail_km":166.2,"water_km":99.0},"geometry":{"type":"Polygon","coordinates":[[[66.52867273137738,42.05581060025639],[66.5376782748829,42.217617980215984],[66.75531364020257,42.21069027330191],[66.74575715466773,42.04892184277886],[66.52867273137738,42.05581060025639]]]}},{"type":"Feature","id":"agro-9-4","properties":{"cell_id":"TKO-09-04","latitude":42.1262,"longitude":66.85918,"area_km2":324.0,"coverage_pct":100.0,"sample_count":1936,"active_vegetation_pct":0.0,"surface_water_pct":0.0,"ndvi":0.089,"ndwi":-0.218,"ndre":0.051,"ndmi":-0.146,"ndbi":0.146,"bsi":0.193,"soy":10,"rice":13,"cotton":20,"vegetables":26,"solar":81,"industrial_land":77,"best_crop":"vegetables","confidence":95,"period":"2025_summer","power_km":86.3,"rail_km":151.0,"water_km":81.1},"geometry":{"type":"Polygon","coordinates":[[[66.74575715466773,42.04892184277886],[66.75531364020257,42.21069027330191],[66.97287017053726,42.203350775834735],[66.96276349167601,42.04162360078682],[66.74575715466773,42.04892184277886]]]}},{"type":"Feature","id":"agro-9-5","properties":{"cell_id":"TKO-09-05","latitude":42.11867,"longitude":67.07642,"area_km2":324.0,"coverage_pct":100.0,"sample_count":1936,"active_vegetation_pct":0.0,"surface_water_pct":0.0,"ndvi":0.087,"ndwi":-0.215,"ndre":0.051,"ndmi":-0.144,"ndbi":0.144,"bsi":0.191,"soy":10,"rice":13,"cotton":21,"vegetables":26,"solar":80,"industrial_land":75,"best_crop":"vegetables","confidence":95,"period":"2025_summer","power_km":96.3,"rail_km":136.6,"water_km":63.2},"geometry":{"type":"Polygon","coordinates":[[[66.96276349167601,42.04162360078682],[66.97287017053726,42.203350775834735],[67.19034335380333,42.195599919984645],[67.17968727270905,42.03391630244106],[66.96276349167601,42.04162360078682]]]}},{"type":"Feature","id":"agro-9-6","properties":{"cell_id":"TKO-09-06","latitude":42.11074,"longitude":67.29357,"area_km2":324.0,"coverage_pct":100.0,"sample_count":1936,"active_vegetation_pct":0.0,"surface_water_pct":0.0,"ndvi":0.097,"ndwi":-0.226,"ndre":0.059,"ndmi":-0.15,"ndbi":0.15,"bsi":0.193,"soy":13,"rice":12,"cotton":22,"vegetables":27,"solar":80,"industrial_land":78,"best_crop":"vegetables","confidence":95,"period":"2025_summer","power_km":78.4,"rail_km":121.9,"water_km":45.3},"geometry":{"type":"Polygon","coordinates":[[[67.17968727270905,42.03391630244106],[67.19034335380333,42.195599919984645],[67.40772868890276,42.18743816182083],[67.39652403887814,42.02580039958212],[67.17968727270905,42.03391630244106]]]}},{"type":"Feature","id":"agro-9-7","properties":{"cell_id":"TKO-09-07","latitude":42.1024,"longitude":67.51064,"area_km2":324.0,"coverage_pct":100.0,"sample_count":1936,"active_vegetation_pct":0.0,"surface_water_pct":0.0,"ndvi":0.102,"ndwi":-0.235,"ndre":0.063,"ndmi":-0.141,"ndbi":0.141,"bsi":0.19,"soy":19,"rice":14,"cotton":26,"vegetables":30,"solar":76,"industrial_land":73,"best_crop":"vegetables","confidence":95,"period":"2025_summer","power_km":60.5,"rail_km":107.1,"water_km":27.5},"geometry":{"type":"Polygon","coordinates":[[[67.39652403887814,42.02580039958212],[67.40772868890276,42.18743816182083],[67.6250216863016,42.17886598123208],[67.61326934266808,42.01727636765234],[67.39652403887814,42.02580039958212]]]}},{"type":"Feature","id":"agro-9-8","properties":{"cell_id":"TKO-09-08","latitude":42.09364,"longitude":67.72761,"area_km2":324.0,"coverage_pct":100.0,"sample_count":1936,"active_vegetation_pct":0.1,"surface_water_pct":0.0,"ndvi":0.082,"ndwi":-0.194,"ndre":0.047,"ndmi":-0.091,"ndbi":0.091,"bsi":0.154,"soy":32,"rice":26,"cotton":39,"vegetables":46,"solar":47,"industrial_land":39,"best_crop":"vegetables","confidence":95,"period":"2025_summer","power_km":42.6,"rail_km":92.8,"water_km":10.2},"geometry":{"type":"Polygon","coordinates":[[[67.61326934266808,42.01727636765234],[67.6250216863016,42.17886598123208],[67.84221786860407,42.16988388184344],[67.8299187485021,42.008344705613496],[67.61326934266808,42.01727636765234]]]}},{"type":"Feature","id":"agro-9-9","properties":{"cell_id":"TKO-09-09","latitude":42.08448,"longitude":67.94448,"area_km2":324.0,"coverage_pct":100.0,"sample_count":1936,"active_vegetation_pct":53.3,"surface_water_pct":0.0,"ndvi":0.199,"ndwi":-0.295,"ndre":0.13,"ndmi":-0.032,"ndbi":0.032,"bsi":0.102,"soy":100,"rice":38,"cotton":90,"vegetables":85,"solar":8,"industrial_land":10,"best_crop":"soy","confidence":95,"period":"2025_summer","power_km":24.8,"rail_km":76.9,"water_km":1.7},"geometry":{"type":"Polygon","coordinates":[[[67.8299187485021,42.008344705613496],[67.84221786860407,42.16988388184344],[68.05931277112305,42.16049239092877],[68.04646783330297,41.999005935860794],[67.8299187485021,42.008344705613496]]]}},{"type":"Feature","id":"agro-9-10","properties":{"cell_id":"TKO-09-10","latitude":42.07491,"longitude":68.16125,"area_km2":324.0,"coverage_pct":100.0,"sample_count":1936,"active_vegetation_pct":55.4,"surface_water_pct":0.7,"ndvi":0.203,"ndwi":-0.292,"ndre":0.135,"ndmi":-0.043,"ndbi":0.043,"bsi":0.102,"soy":100,"rice":45,"cotton":90,"vegetables":85,"solar":7,"industrial_land":10,"best_crop":"soy","confidence":95,"period":"2025_summer","power_km":7.6,"rail_km":62.2,"water_km":1.2},"geometry":{"type":"Polygon","coordinates":[[[68.04646783330297,41.999005935860794],[68.05931277112305,42.16049239092877],[68.276301942446,42.15069205931939],[68.26291218705006,41.98926060413276],[68.04646783330297,41.999005935860794]]]}},{"type":"Feature","id":"agro-9-11","properties":{"cell_id":"TKO-09-11","latitude":42.06494,"longitude":68.37791,"area_km2":324.0,"coverage_pct":100.0,"sample_count":1936,"active_vegetation_pct":0.4,"surface_water_pct":0.0,"ndvi":0.121,"ndwi":-0.267,"ndre":0.078,"ndmi":-0.149,"ndbi":0.149,"bsi":0.2,"soy":25,"rice":12,"cotton":29,"vegetables":29,"solar":82,"industrial_land":80,"best_crop":"cotton","confidence":95,"period":"2025_summer","power_km":11.9,"rail_km":48.0,"water_km":11.9},"geometry":{"type":"Polygon","coordinates":[[[68.26291218705006,41.98926060413276],[68.276301942446,42.15069205931939],[68.49318094499654,42.140483461308804],[68.4792474133318,41.97910927941735],[68.26291218705006,41.98926060413276]]]}},{"type":"Feature","id":"agro-9-12","properties":{"cell_id":"TKO-09-12","latitude":42.05455,"longitude":68.59446,"area_km2":324.0,"coverage_pct":100.0,"sample_count":1936,"active_vegetation_pct":0.1,"surface_water_pct":0.0,"ndvi":0.125,"ndwi":-0.275,"ndre":0.081,"ndmi":-0.132,"ndbi":0.132,"bsi":0.189,"soy":34,"rice":16,"cotton":36,"vegetables":35,"solar":72,"industrial_land":69,"best_crop":"cotton","confidence":95,"period":"2025_summer","power_km":27.5,"rail_km":30.1,"water_km":28.3},"geometry":{"type":"Polygon","coordinates":[[[68.4792474133318,41.97910927941735],[68.49318094499654,42.140483461308804],[68.70994535559157,42.12986719455343],[68.69546912989394,41.968552553854195],[68.4792474133318,41.97910927941735]]]}},{"type":"Feature","id":"agro-9-13","properties":{"cell_id":"TKO-09-13","latitude":42.04377,"longitude":68.81089,"area_km2":324.0,"coverage_pct":100.0,"sample_count":1936,"active_vegetation_pct":0.0,"surface_water_pct":0.0,"ndvi":0.133,"ndwi":-0.294,"ndre":0.088,"ndmi":-0.121,"ndbi":0.121,"bsi":0.187,"soy":42,"rice":17,"cotton":42,"vegetables":38,"solar":68,"industrial_land":65,"best_crop":"soy","confidence":95,"period":"2025_summer","power_km":9.9,"rail_km":12.4,"water_km":41.7},"geometry":{"type":"Polygon","coordinates":[[[68.69546912989394,41.968552553854195],[68.70994535559157,42.12986719455343],[68.92659076599338,42.11884387996964],[68.91157296918284,41.95759104263302],[68.69546912989394,41.968552553854195]]]}},{"type":"Feature","id":"agro-9-14","properties":{"cell_id":"TKO-09-14","latitude":42.03257,"longitude":69.02721,"area_km2":324.0,"coverage_pct":100.0,"sample_count":1936,"active_vegetation_pct":2.0,"surface_water_pct":0.0,"ndvi":0.13,"ndwi":-0.289,"ndre":0.077,"ndmi":-0.107,"ndbi":0.107,"bsi":0.178,"soy":45,"rice":20,"cotton":44,"vegetables":41,"solar":60,"industrial_land":56,"best_crop":"soy","confidence":95,"period":"2025_summer","power_km":7.0,"rail_km":1.4,"water_km":37.2},"geometry":{"type":"Polygon","coordinates":[[[68.91157296918284,41.95759104263302],[68.92659076599338,42.11884387996964],[69.14311278345693,42.10741416162677],[69.12755457888426,41.94622538388837],[68.91157296918284,41.95759104263302]]]}},{"type":"Feature","id":"agro-9-15","properties":{"cell_id":"TKO-09-15","latitude":42.02097,"longitude":69.2434,"area_km2":324.0,"coverage_pct":100.0,"sample_count":1936,"active_vegetation_pct":4.9,"surface_water_pct":0.0,"ndvi":0.143,"ndwi":-0.307,"ndre":0.087,"ndmi":-0.1,"ndbi":0.1,"bsi":0.176,"soy":54,"rice":21,"cotton":51,"vegetables":46,"solar":56,"industrial_land":52,"best_crop":"soy","confidence":95,"period":"2025_summer","power_km":16.5,"rail_km":15.9,"water_km":21.6},"geometry":{"type":"Polygon","coordinates":[[[69.12755457888426,41.94622538388837],[69.14311278345693,42.10741416162677],[69.35950703127202,42.09557870663656],[69.34340962245679,41.93445623859039],[69.12755457888426,41.94622538388837]]]}},{"type":"Feature","id":"agro-9-16","properties":{"cell_id":"TKO-09-16","latitude":42.00897,"longitude":69.45945,"area_km2":324.0,"coverage_pct":100.0,"sample_count":1936,"active_vegetation_pct":24.2,"surface_water_pct":0.0,"ndvi":0.158,"ndwi":-0.316,"ndre":0.097,"ndmi":-0.078,"ndbi":0.078,"bsi":0.16,"soy":70,"rice":27,"cotton":64,"vegetables":58,"solar":40,"industrial_land":36,"best_crop":"soy","confidence":95,"period":"2025_summer","power_km":0.3,"rail_km":26.1,"water_km":4.1},"geometry":{"type":"Polygon","coordinates":[[[69.34340962245679,41.93445623859039],[69.35950703127202,42.09557870663656],[69.57576914930017,42.08333820503866],[69.55913377966041,41.922284290432295],[69.34340962245679,41.93445623859039]]]}},{"type":"Feature","id":"agro-9-17","properties":{"cell_id":"TKO-09-17","latitude":41.99656,"longitude":69.67538,"area_km2":324.0,"coverage_pct":100.0,"sample_count":1936,"active_vegetation_pct":57.4,"surface_water_pct":0.0,"ndvi":0.188,"ndwi":-0.337,"ndre":0.117,"ndmi":-0.092,"ndbi":0.092,"bsi":0.162,"soy":80,"rice":28,"cotton":72,"vegetables":64,"solar":37,"industrial_land":38,"best_crop":"soy","confidence":95,"period":"2025_summer","power_km":8.5,"rail_km":14.1,"water_km":5.9},"geometry":{"type":"Polygon","coordinates":[[[69.55913377966041,41.922284290432295],[69.57576914930017,42.08333820503866],[69.791894794506,42.07069336968254],[69.77472274707962,41.90971024571375],[69.55913377966041,41.922284290432295]]]}},{"type":"Feature","id":"agro-9-18","properties":{"cell_id":"TKO-09-18","latitude":41.98375,"longitude":69.89117,"area_km2":324.0,"coverage_pct":100.0,"sample_count":1936,"active_vegetation_pct":83.3,"surface_water_pct":0.0,"ndvi":0.231,"ndwi":-0.377,"ndre":0.146,"ndmi":-0.099,"ndbi":0.099,"bsi":0.163,"soy":84,"rice":28,"cotton":75,"vegetables":67,"solar":36,"industrial_land":39,"best_crop":"soy","confidence":95,"period":"2025_summer","power_km":18.2,"rail_km":18.2,"water_km":1.2},"geometry":{"type":"Polygon","coordinates":[[[69.77472274707962,41.90971024571375],[69.791894794506,42.07069336968254],[70.00787964148313,42.05764493610579],[69.99017223864097,41.89673483322098],[69.77472274707962,41.90971024571375]]]}},{"type":"Feature","id":"agro-9-19","properties":{"cell_id":"TKO-09-19","latitude":41.9714,"longitude":70.10576,"area_km2":320.3,"coverage_pct":98.9,"sample_count":1913,"active_vegetation_pct":88.6,"surface_water_pct":0.0,"ndvi":0.249,"ndwi":-0.395,"ndre":0.16,"ndmi":-0.13,"ndbi":0.13,"bsi":0.179,"soy":71,"rice":21,"cotton":64,"vegetables":57,"solar":51,"industrial_land":57,"best_crop":"soy","confidence":95,"period":"2025_summer","power_km":21.0,"rail_km":30.0,"water_km":0.6},"geometry":{"type":"Polygon","coordinates":[[[69.99017223864097,41.89673483322098],[70.00787964148313,42.05764493610579],[70.22371938297408,42.04419366240865],[70.2088863408163,41.91351094310729],[70.19802856500013,41.905597686000206],[70.18502202669394,41.88464724372736],[69.99017223864097,41.89673483322098]]]}},{"type":"Feature","id":"agro-9-20","properties":{"cell_id":"TKO-09-20","latitude":41.99216,"longitude":70.26678,"area_km2":94.7,"coverage_pct":29.2,"sample_count":1301,"active_vegetation_pct":57.6,"surface_water_pct":0.0,"ndvi":0.196,"ndwi":-0.316,"ndre":0.126,"ndmi":-0.145,"ndbi":0.145,"bsi":0.183,"soy":64,"rice":19,"cotton":58,"vegetables":53,"solar":57,"industrial_land":64,"best_crop":"soy","confidence":82,"period":"2025_summer","power_km":18.7,"rail_km":38.2,"water_km":3.5},"geometry":{"type":"Polygon","coordinates":[[[70.22371938297408,42.04419366240865],[70.3254128688136,42.03771336226801],[70.32261657800012,42.034362792000024],[70.3253173820001,42.01546478400012],[70.33046722400007,42.004688264000045],[70.33269500799997,41.980041504000155],[70.33089447100014,41.97560882600004],[70.32185363800005,41.96948623700018],[70.2877120980001,41.95860290500013],[70.277061463,41.94965744000007],[70.26536560100004,41.95005798400018],[70.24029541099998,41.941162110000036],[70.2210998540001,41.92014694200013],[70.2088863408163,41.91351094310729],[70.22371938297408,42.04419366240865]]]}},{"type":"Feature","id":"agro-10-0","properties":{"cell_id":"TKO-10-00","latitude":42.29361,"longitude":66.06649,"area_km2":88.2,"coverage_pct":27.2,"sample_count":1509,"active_vegetation_pct":0.0,"surface_water_pct":0.0,"ndvi":0.095,"ndwi":-0.223,"ndre":0.053,"ndmi":-0.174,"ndbi":0.174,"bsi":0.208,"soy":4,"rice":9,"cotton":15,"vegetables":20,"solar":90,"industrial_land":88,"best_crop":"vegetables","confidence":86,"period":"2025_summer","power_km":78.2,"rail_km":192.2,"water_km":148.1},"geometry":{"type":"Polygon","coordinates":[[[66.10218913905686,42.23023641364672],[66.01355233624874,42.23260160494654],[66.013374328,42.24634170500008],[66.03305053700007,42.26388549800014],[66.03528595000006,42.369915008000135],[66.04059600800008,42.36998367400013],[66.10566711500007,42.34732055700006],[66.10865710186553,42.361756614144085],[66.10218913905686,42.23023641364672]]]}},{"type":"Feature","id":"agro-10-1","properties":{"cell_id":"TKO-10-01","latitude":42.29916,"longitude":66.22146,"area_km2":284.4,"coverage_pct":87.8,"sample_count":1699,"active_vegetation_pct":0.0,"surface_water_pct":0.0,"ndvi":0.1,"ndwi":-0.228,"ndre":0.057,"ndmi":-0.176,"ndbi":0.176,"bsi":0.209,"soy":7,"rice":9,"cotton":17,"vegetables":22,"solar":89,"industrial_land":87,"best_crop":"vegetables","confidence":90,"period":"2025_summer","power_km":79.4,"rail_km":184.4,"water_km":135.7},"geometry":{"type":"Polygon","coordinates":[[[66.32849227413112,42.38597153707208],[66.31996859706571,42.22413348838105],[66.10218913905686,42.23023641364672],[66.10865710186553,42.361756614144085],[66.19407653800016,42.3462791440001],[66.24869293339536,42.38826304792204],[66.32849227413112,42.38597153707208]]]}},{"type":"Feature","id":"agro-10-2","properties":{"cell_id":"TKO-10-02","latitude":42.30184,"longitude":66.43322,"area_km2":324.0,"coverage_pct":100.0,"sample_count":1936,"active_vegetation_pct":0.0,"surface_water_pct":0.0,"ndvi":0.096,"ndwi":-0.226,"ndre":0.057,"ndmi":-0.164,"ndbi":0.164,"bsi":0.204,"soy":6,"rice":9,"cotton":16,"vegetables":21,"solar":89,"industrial_land":87,"best_crop":"vegetables","confidence":95,"period":"2025_summer","power_km":83.6,"rail_km":173.8,"water_km":118.8},"geometry":{"type":"Polygon","coordinates":[[[66.31996859706571,42.22413348838105],[66.32849227413112,42.38597153707208],[66.54675813252238,42.3794192040591],[66.5376782748829,42.217617980215984],[66.31996859706571,42.22413348838105]]]}},{"type":"Feature","id":"agro-10-3","properties":{"cell_id":"TKO-10-03","latitude":42.2951,"longitude":66.65117,"area_km2":324.0,"coverage_pct":100.0,"sample_count":1936,"active_vegetation_pct":0.0,"surface_water_pct":0.0,"ndvi":0.092,"ndwi":-0.218,"ndre":0.052,"ndmi":-0.164,"ndbi":0.164,"bsi":0.202,"soy":4,"rice":9,"cotton":15,"vegetables":21,"solar":89,"industrial_land":86,"best_crop":"vegetables","confidence":95,"period":"2025_summer","power_km":90.4,"rail_km":157.4,"water_km":101.2},"geometry":{"type":"Polygon","coordinates":[[[66.5376782748829,42.217617980215984],[66.54675813252238,42.3794192040591],[66.76494896245644,42.37245235093245],[66.75531364020257,42.21069027330191],[66.5376782748829,42.217617980215984]]]}},{"type":"Feature","id":"agro-10-4","properties":{"cell_id":"TKO-10-04","latitude":42.28794,"longitude":66.86905,"area_km2":324.0,"coverage_pct":100.0,"sample_count":1936,"active_vegetation_pct":0.0,"surface_water_pct":0.0,"ndvi":0.088,"ndwi":-0.211,"ndre":0.05,"ndmi":-0.144,"ndbi":0.144,"bsi":0.188,"soy":11,"rice":14,"cotton":21,"vegetables":27,"solar":77,"industrial_land":73,"best_crop":"vegetables","confidence":95,"period":"2025_summer","power_km":100.0,"rail_km":141.4,"water_km":83.9},"geometry":{"type":"Polygon","coordinates":[[[66.75531364020257,42.21069027330191],[66.76494896245644,42.37245235093245],[66.98306019829823,42.36507138972226],[66.97287017053726,42.203350775834735],[66.75531364020257,42.21069027330191]]]}},{"type":"Feature","id":"agro-10-5","properties":{"cell_id":"TKO-10-05","latitude":42.28038,"longitude":67.08684,"area_km2":324.0,"coverage_pct":100.0,"sample_count":1936,"active_vegetation_pct":0.0,"surface_water_pct":0.0,"ndvi":0.096,"ndwi":-0.219,"ndre":0.056,"ndmi":-0.147,"ndbi":0.147,"bsi":0.188,"soy":14,"rice":14,"cotton":23,"vegetables":28,"solar":77,"industrial_land":74,"best_crop":"vegetables","confidence":95,"period":"2025_summer","power_km":97.2,"rail_km":125.9,"water_km":66.8},"geometry":{"type":"Polygon","coordinates":[[[66.97287017053726,42.203350775834735],[66.98306019829823,42.36507138972226],[67.20108728499164,42.35727675665571],[67.19034335380333,42.195599919984645],[66.97287017053726,42.203350775834735]]]}},{"type":"Feature","id":"agro-10-6","properties":{"cell_id":"TKO-10-06","latitude":42.2724,"longitude":67.30455,"area_km2":324.0,"coverage_pct":100.0,"sample_count":1936,"active_vegetation_pct":0.0,"surface_water_pct":0.0,"ndvi":0.103,"ndwi":-0.229,"ndre":0.061,"ndmi":-0.158,"ndbi":0.158,"bsi":0.195,"soy":13,"rice":11,"cotton":21,"vegetables":26,"solar":82,"industrial_land":81,"best_crop":"vegetables","confidence":95,"period":"2025_summer","power_km":79.5,"rail_km":111.2,"water_km":50.2},"geometry":{"type":"Polygon","coordinates":[[[67.19034335380333,42.195599919984645],[67.20108728499164,42.35727675665571],[67.41902567865118,42.34906891208059],[67.40772868890276,42.18743816182083],[67.19034335380333,42.195599919984645]]]}},{"type":"Feature","id":"agro-10-7","properties":{"cell_id":"TKO-10-07","latitude":42.26401,"longitude":67.52216,"area_km2":324.0,"coverage_pct":100.0,"sample_count":1936,"active_vegetation_pct":0.0,"surface_water_pct":0.0,"ndvi":0.099,"ndwi":-0.225,"ndre":0.059,"ndmi":-0.153,"ndbi":0.153,"bsi":0.194,"soy":13,"rice":12,"cotton":22,"vegetables":26,"solar":81,"industrial_land":79,"best_crop":"vegetables","confidence":95,"period":"2025_summer","power_km":62.0,"rail_km":96.8,"water_km":35.0},"geometry":{"type":"Polygon","coordinates":[[[67.40772868890276,42.18743816182083],[67.41902567865118,42.34906891208059],[67.63687084714965,42.34044834038483],[67.6250216863016,42.17886598123208],[67.40772868890276,42.18743816182083]]]}},{"type":"Feature","id":"agro-10-8","properties":{"cell_id":"TKO-10-08","latitude":42.25521,"longitude":67.73968,"area_km2":324.0,"coverage_pct":100.0,"sample_count":1936,"active_vegetation_pct":0.0,"surface_water_pct":0.0,"ndvi":0.089,"ndwi":-0.214,"ndre":0.052,"ndmi":-0.134,"ndbi":0.134,"bsi":0.184,"soy":16,"rice":16,"cotton":25,"vegetables":31,"solar":73,"industrial_land":68,"best_crop":"vegetables","confidence":95,"period":"2025_summer","power_km":44.8,"rail_km":81.9,"water_km":19.3},"geometry":{"type":"Polygon","coordinates":[[[67.6250216863016,42.17886598123208],[67.63687084714965,42.34044834038483],[67.85461827070209,42.33141554991176],[67.84221786860407,42.16988388184344],[67.6250216863016,42.17886598123208]]]}},{"type":"Feature","id":"agro-10-9","properties":{"cell_id":"TKO-10-09","latitude":42.24599,"longitude":67.9571,"area_km2":324.0,"coverage_pct":100.0,"sample_count":1936,"active_vegetation_pct":21.8,"surface_water_pct":0.0,"ndvi":0.091,"ndwi":-0.199,"ndre":0.054,"ndmi":-0.083,"ndbi":0.083,"bsi":0.142,"soy":39,"rice":28,"cotton":45,"vegetables":51,"solar":38,"industrial_land":31,"best_crop":"vegetables","confidence":95,"period":"2025_summer","power_km":28.4,"rail_km":67.8,"water_km":7.6},"geometry":{"type":"Polygon","coordinates":[[[67.84221786860407,42.16988388184344],[67.85461827070209,42.33141554991176],[68.07226344244533,42.32197107287148],[68.05931277112305,42.16049239092877],[67.84221786860407,42.16988388184344]]]}},{"type":"Feature","id":"agro-10-10","properties":{"cell_id":"TKO-10-10","latitude":42.23637,"longitude":68.17442,"area_km2":324.0,"coverage_pct":100.0,"sample_count":1936,"active_vegetation_pct":57.4,"surface_water_pct":0.3,"ndvi":0.199,"ndwi":-0.281,"ndre":0.133,"ndmi":-0.036,"ndbi":0.036,"bsi":0.097,"soy":100,"rice":42,"cotton":92,"vegetables":87,"solar":6,"industrial_land":8,"best_crop":"soy","confidence":95,"period":"2025_summer","power_km":15.7,"rail_km":52.5,"water_km":5.9},"geometry":{"type":"Polygon","coordinates":[[[68.05931277112305,42.16049239092877],[68.07226344244533,42.32197107287148],[68.28980186901329,42.31211546524812],[68.276301942446,42.15069205931939],[68.05931277112305,42.16049239092877]]]}},{"type":"Feature","id":"agro-10-11","properties":{"cell_id":"TKO-10-11","latitude":42.22634,"longitude":68.39163,"area_km2":324.0,"coverage_pct":100.0,"sample_count":1936,"active_vegetation_pct":30.6,"surface_water_pct":0.1,"ndvi":0.128,"ndwi":-0.266,"ndre":0.081,"ndmi":-0.118,"ndbi":0.118,"bsi":0.18,"soy":41,"rice":20,"cotton":43,"vegetables":42,"solar":62,"industrial_land":59,"best_crop":"cotton","confidence":95,"period":"2025_summer","power_km":18.1,"rail_km":36.9,"water_km":7.1},"geometry":{"type":"Polygon","coordinates":[[[68.276301942446,42.15069205931939],[68.28980186901329,42.31211546524812],[68.50722907110783,42.30184930670313],[68.49318094499654,42.140483461308804],[68.276301942446,42.15069205931939]]]}},{"type":"Feature","id":"agro-10-12","properties":{"cell_id":"TKO-10-12","latitude":42.2159,"longitude":68.60872,"area_km2":324.0,"coverage_pct":100.0,"sample_count":1936,"active_vegetation_pct":1.3,"surface_water_pct":0.0,"ndvi":0.123,"ndwi":-0.265,"ndre":0.079,"ndmi":-0.146,"ndbi":0.146,"bsi":0.194,"soy":27,"rice":13,"cotton":31,"vegetables":32,"solar":77,"industrial_land":76,"best_crop":"vegetables","confidence":95,"period":"2025_summer","power_km":20.7,"rail_km":24.6,"water_km":18.1},"geometry":{"type":"Polygon","coordinates":[[[68.49318094499654,42.140483461308804],[68.50722907110783,42.30184930670313],[68.72454058406471,42.291173200474624],[68.70994535559157,42.12986719455343],[68.49318094499654,42.140483461308804]]]}},{"type":"Feature","id":"agro-10-13","properties":{"cell_id":"TKO-10-13","latitude":42.20505,"longitude":68.8257,"area_km2":324.0,"coverage_pct":100.0,"sample_count":1936,"active_vegetation_pct":0.1,"surface_water_pct":0.0,"ndvi":0.128,"ndwi":-0.276,"ndre":0.085,"ndmi":-0.125,"ndbi":0.125,"bsi":0.184,"soy":39,"rice":18,"cotton":40,"vegetables":39,"solar":67,"industrial_land":64,"best_crop":"cotton","confidence":95,"period":"2025_summer","power_km":3.4,"rail_km":8.5,"water_km":23.8},"geometry":{"type":"Polygon","coordinates":[[[68.70994535559157,42.12986719455343],[68.72454058406471,42.291173200474624],[68.94173195841479,42.280087773272754],[68.92659076599338,42.11884387996964],[68.70994535559157,42.12986719455343]]]}},{"type":"Feature","id":"agro-10-14","properties":{"cell_id":"TKO-10-14","latitude":42.19379,"longitude":69.04256,"area_km2":324.0,"coverage_pct":100.0,"sample_count":1936,"active_vegetation_pct":1.1,"surface_water_pct":0.0,"ndvi":0.125,"ndwi":-0.274,"ndre":0.079,"ndmi":-0.108,"ndbi":0.108,"bsi":0.175,"soy":43,"rice":21,"cotton":44,"vegetables":43,"solar":59,"industrial_land":55,"best_crop":"cotton","confidence":95,"period":"2025_summer","power_km":9.0,"rail_km":5.6,"water_km":25.0},"geometry":{"type":"Polygon","coordinates":[[[68.92659076599338,42.11884387996964],[68.94173195841479,42.280087773272754],[69.15879876044015,42.26859367517132],[69.14311278345693,42.10741416162677],[68.92659076599338,42.11884387996964]]]}},{"type":"Feature","id":"agro-10-15","properties":{"cell_id":"TKO-10-15","latitude":42.18212,"longitude":69.25929,"area_km2":324.0,"coverage_pct":100.0,"sample_count":1936,"active_vegetation_pct":2.4,"surface_water_pct":0.0,"ndvi":0.126,"ndwi":-0.28,"ndre":0.074,"ndmi":-0.082,"ndbi":0.082,"bsi":0.162,"soy":53,"rice":25,"cotton":52,"vegetables":50,"solar":47,"industrial_land":40,"best_crop":"soy","confidence":95,"period":"2025_summer","power_km":11.2,"rail_km":21.1,"water_km":19.1},"geometry":{"type":"Polygon","coordinates":[[[69.14311278345693,42.10741416162677],[69.15879876044015,42.26859367517132],[69.37573657272486,42.25669157949537],[69.35950703127202,42.09557870663656],[69.14311278345693,42.10741416162677]]]}},{"type":"Feature","id":"agro-10-16","properties":{"cell_id":"TKO-10-16","latitude":42.17005,"longitude":69.47589,"area_km2":324.0,"coverage_pct":100.0,"sample_count":1936,"active_vegetation_pct":24.9,"surface_water_pct":0.0,"ndvi":0.154,"ndwi":-0.312,"ndre":0.094,"ndmi":-0.066,"ndbi":0.066,"bsi":0.154,"soy":73,"rice":30,"cotton":67,"vegetables":61,"solar":34,"industrial_land":29,"best_crop":"soy","confidence":95,"period":"2025_summer","power_km":0.2,"rail_km":16.2,"water_km":6.0},"geometry":{"type":"Polygon","coordinates":[[[69.35950703127202,42.09557870663656],[69.37573657272486,42.25669157949537],[69.59254099470056,42.24438218270522],[69.57576914930017,42.08333820503866],[69.35950703127202,42.09557870663656]]]}},{"type":"Feature","id":"agro-10-17","properties":{"cell_id":"TKO-10-17","latitude":42.15757,"longitude":69.69235,"area_km2":324.0,"coverage_pct":100.0,"sample_count":1936,"active_vegetation_pct":35.8,"surface_water_pct":0.4,"ndvi":0.161,"ndwi":-0.316,"ndre":0.099,"ndmi":-0.079,"ndbi":0.079,"bsi":0.159,"soy":72,"rice":30,"cotton":65,"vegetables":59,"solar":38,"industrial_land":35,"best_crop":"soy","confidence":95,"period":"2025_summer","power_km":3.9,"rail_km":5.6,"water_km":6.9},"geometry":{"type":"Polygon","coordinates":[[[69.57576914930017,42.08333820503866],[69.59254099470056,42.24438218270522],[69.80920764318616,42.231666204276586],[69.791894794506,42.07069336968254],[69.57576914930017,42.08333820503866]]]}},{"type":"Feature","id":"agro-10-18","properties":{"cell_id":"TKO-10-18","latitude":42.14469,"longitude":69.90868,"area_km2":324.0,"coverage_pct":100.0,"sample_count":1936,"active_vegetation_pct":54.1,"surface_water_pct":0.1,"ndvi":0.186,"ndwi":-0.333,"ndre":0.117,"ndmi":-0.095,"ndbi":0.095,"bsi":0.164,"soy":78,"rice":27,"cotton":70,"vegetables":62,"solar":39,"industrial_land":40,"best_crop":"soy","confidence":95,"period":"2025_summer","power_km":1.0,"rail_km":4.9,"water_km":1.9},"geometry":{"type":"Polygon","coordinates":[[[69.791894794506,42.07069336968254],[69.80920764318616,42.231666204276586],[70.02573215292215,42.21854438657695],[70.00787964148313,42.05764493610579],[69.791894794506,42.07069336968254]]]}},{"type":"Feature","id":"agro-10-19","properties":{"cell_id":"TKO-10-19","latitude":42.1314,"longitude":70.12486,"area_km2":324.0,"coverage_pct":100.0,"sample_count":1936,"active_vegetation_pct":82.7,"surface_water_pct":0.0,"ndvi":0.236,"ndwi":-0.372,"ndre":0.15,"ndmi":-0.116,"ndbi":0.116,"bsi":0.17,"soy":77,"rice":24,"cotton":69,"vegetables":62,"solar":43,"industrial_land":48,"best_crop":"soy","confidence":95,"period":"2025_summer","power_km":9.1,"rail_km":20.6,"water_km":2.4},"geometry":{"type":"Polygon","coordinates":[[[70.00787964148313,42.05764493610579],[70.02573215292215,42.21854438657695],[70.24211017709877,42.20501749473846],[70.22371938297408,42.04419366240865],[70.00787964148313,42.05764493610579]]]}},{"type":"Feature","id":"agro-10-20","properties":{"cell_id":"TKO-10-20","latitude":42.12784,"longitude":70.32575,"area_km2":264.1,"coverage_pct":81.5,"sample_count":1579,"active_vegetation_pct":73.5,"surface_water_pct":0.1,"ndvi":0.238,"ndwi":-0.359,"ndre":0.144,"ndmi":-0.106,"ndbi":0.106,"bsi":0.154,"soy":83,"rice":28,"cotton":73,"vegetables":66,"solar":32,"industrial_land":38,"best_crop":"soy","confidence":88,"period":"2025_summer","power_km":8.6,"rail_km":36.9,"water_km":0.0},"geometry":{"type":"Polygon","coordinates":[[[70.22371938297408,42.04419366240865],[70.24211017709877,42.20501749473846],[70.45833738787817,42.19108631652707],[70.44986002693521,42.119254541147626],[70.42540741000005,42.132720947999985],[70.41049957400008,42.13048172100008],[70.40245056200001,42.12303924500014],[70.39964294500015,42.115585328000066],[70.39585876500007,42.08884430000017],[70.3700256350001,42.06895065299999],[70.36350250200013,42.057899475000106],[70.32936096200018,42.04244613600018],[70.3254128688136,42.03771336226801],[70.22371938297408,42.04419366240865]]]}},{"type":"Feature","id":"agro-10-21","properties":{"cell_id":"TKO-10-21","latitude":42.11683,"longitude":70.57135,"area_km2":251.8,"coverage_pct":77.7,"sample_count":1501,"active_vegetation_pct":37.7,"surface_water_pct":0.8,"ndvi":0.146,"ndwi":-0.275,"ndre":0.089,"ndmi":-0.104,"ndbi":0.104,"bsi":0.157,"soy":56,"rice":29,"cotton":54,"vegetables":53,"solar":43,"industrial_land":43,"best_crop":"soy","confidence":86,"period":"2025_summer","power_km":28.5,"rail_km":41.0,"water_km":1.9},"geometry":{"type":"Polygon","coordinates":[[[70.45833738787817,42.19108631652707],[70.67440947691053,42.17675166220812],[70.66149773007007,42.070313968547666],[70.6334493446561,42.0175259156332],[70.55646566981383,42.02264980864725],[70.55831909100004,42.05489349400016],[70.54646301300018,42.06952285700008],[70.49157714800003,42.09197998000008],[70.44986002693521,42.119254541147626],[70.45833738787817,42.19108631652707]]]}},{"type":"Feature","id":"agro-10-22","properties":{"cell_id":"TKO-10-22","latitude":42.14504,"longitude":70.69468,"area_km2":29.6,"coverage_pct":9.1,"sample_count":762,"active_vegetation_pct":24.1,"surface_water_pct":1.4,"ndvi":0.121,"ndwi":-0.242,"ndre":0.075,"ndmi":-0.097,"ndbi":0.097,"bsi":0.155,"soy":48,"rice":35,"cotton":49,"vegetables":52,"solar":44,"industrial_land":40,"best_crop":"vegetables","confidence":71,"period":"2025_summer","power_km":34.6,"rail_km":39.7,"water_km":3.9},"geometry":{"type":"Polygon","coordinates":[[[70.67440947691053,42.17675166220812],[70.75034583253232,42.171615673205025],[70.74443817200012,42.16436004600018],[70.72672271700009,42.15380477900004],[70.71483612000003,42.139358520000144],[70.69358062700007,42.126827240000125],[70.67732238700006,42.109222412000115],[70.67417907700008,42.08893966700014],[70.66149773007007,42.070313968547666],[70.67440947691053,42.17675166220812]]]}},{"type":"Feature","id":"agro-11-2","properties":{"cell_id":"TKO-11-02","latitude":42.45432,"longitude":66.45454,"area_km2":274.1,"coverage_pct":84.6,"sample_count":1638,"active_vegetation_pct":0.0,"surface_water_pct":0.0,"ndvi":0.096,"ndwi":-0.226,"ndre":0.057,"ndmi":-0.168,"ndbi":0.168,"bsi":0.207,"soy":6,"rice":9,"cotton":16,"vegetables":21,"solar":90,"industrial_land":88,"best_crop":"vegetables","confidence":89,"period":"2025_summer","power_km":100.3,"rail_km":159.3,"water_km":121.9},"geometry":{"type":"Polygon","coordinates":[[[66.55591302028311,42.54121425253032],[66.54675813252238,42.3794192040591],[66.32849227413112,42.38597153707208],[66.33201304650909,42.45243154661669],[66.45152688282138,42.54440984373446],[66.55591302028311,42.54121425253032]]]}},{"type":"Feature","id":"agro-11-3","properties":{"cell_id":"TKO-11-03","latitude":42.45688,"longitude":66.66057,"area_km2":324.0,"coverage_pct":100.0,"sample_count":1936,"active_vegetation_pct":0.0,"surface_water_pct":0.0,"ndvi":0.091,"ndwi":-0.218,"ndre":0.052,"ndmi":-0.164,"ndbi":0.164,"bsi":0.202,"soy":4,"rice":9,"cotton":15,"vegetables":20,"solar":89,"industrial_land":87,"best_crop":"vegetables","confidence":95,"period":"2025_summer","power_km":106.6,"rail_km":149.5,"water_km":106.5},"geometry":{"type":"Polygon","coordinates":[[[66.54675813252238,42.3794192040591],[66.55591302028311,42.54121425253032],[66.77466388056587,42.5342080542712],[66.76494896245644,42.37245235093245],[66.54675813252238,42.3794192040591]]]}},{"type":"Feature","id":"agro-11-4","properties":{"cell_id":"TKO-11-04","latitude":42.44968,"longitude":66.879,"area_km2":324.0,"coverage_pct":100.0,"sample_count":1936,"active_vegetation_pct":0.0,"surface_water_pct":0.0,"ndvi":0.082,"ndwi":-0.202,"ndre":0.046,"ndmi":-0.15,"ndbi":0.15,"bsi":0.192,"soy":7,"rice":13,"cotton":19,"vegetables":26,"solar":81,"industrial_land":77,"best_crop":"vegetables","confidence":95,"period":"2025_summer","power_km":114.8,"rail_km":133.5,"water_km":90.2},"geometry":{"type":"Polygon","coordinates":[[[66.76494896245644,42.37245235093245],[66.77466388056587,42.5342080542712],[66.99333437706943,42.5267854187827],[66.98306019829823,42.36507138972226],[66.76494896245644,42.37245235093245]]]}},{"type":"Feature","id":"agro-11-5","properties":{"cell_id":"TKO-11-05","latitude":42.44207,"longitude":67.09735,"area_km2":324.0,"coverage_pct":100.0,"sample_count":1936,"active_vegetation_pct":0.0,"surface_water_pct":0.0,"ndvi":0.087,"ndwi":-0.205,"ndre":0.05,"ndmi":-0.132,"ndbi":0.132,"bsi":0.18,"soy":16,"rice":17,"cotton":26,"vegetables":32,"solar":70,"industrial_land":65,"best_crop":"vegetables","confidence":95,"period":"2025_summer","power_km":101.3,"rail_km":117.0,"water_km":74.6},"geometry":{"type":"Polygon","coordinates":[[[66.98306019829823,42.36507138972226],[66.99333437706943,42.5267854187827],[67.2119199111737,42.51894678639728],[67.20108728499164,42.35727675665571],[66.98306019829823,42.36507138972226]]]}},{"type":"Feature","id":"agro-11-6","properties":{"cell_id":"TKO-11-06","latitude":42.43405,"longitude":67.31561,"area_km2":324.0,"coverage_pct":100.0,"sample_count":1936,"active_vegetation_pct":0.0,"surface_water_pct":0.0,"ndvi":0.095,"ndwi":-0.216,"ndre":0.055,"ndmi":-0.141,"ndbi":0.141,"bsi":0.186,"soy":16,"rice":15,"cotton":25,"vegetables":30,"solar":74,"industrial_land":71,"best_crop":"vegetables","confidence":95,"period":"2025_summer","power_km":84.5,"rail_km":101.1,"water_km":59.3},"geometry":{"type":"Polygon","coordinates":[[[67.20108728499164,42.35727675665571],[67.2119199111737,42.51894678639728],[67.43041589561778,42.5106926217923],[67.41902567865118,42.34906891208059],[67.20108728499164,42.35727675665571]]]}},{"type":"Feature","id":"agro-11-7","properties":{"cell_id":"TKO-11-07","latitude":42.42561,"longitude":67.53378,"area_km2":324.0,"coverage_pct":100.0,"sample_count":1936,"active_vegetation_pct":0.0,"surface_water_pct":0.0,"ndvi":0.088,"ndwi":-0.206,"ndre":0.05,"ndmi":-0.136,"ndbi":0.136,"bsi":0.181,"soy":14,"rice":16,"cotton":24,"vegetables":31,"solar":71,"industrial_land":67,"best_crop":"vegetables","confidence":95,"period":"2025_summer","power_km":68.3,"rail_km":85.9,"water_km":44.2},"geometry":{"type":"Polygon","coordinates":[[[67.41902567865118,42.34906891208059],[67.43041589561778,42.5106926217923],[67.64881775509751,42.50202341390818],[67.63687084714965,42.34044834038483],[67.41902567865118,42.34906891208059]]]}},{"type":"Feature","id":"agro-11-8","properties":{"cell_id":"TKO-11-08","latitude":42.41676,"longitude":67.75186,"area_km2":324.0,"coverage_pct":100.0,"sample_count":1936,"active_vegetation_pct":0.2,"surface_water_pct":0.0,"ndvi":0.079,"ndwi":-0.191,"ndre":0.044,"ndmi":-0.12,"ndbi":0.12,"bsi":0.169,"soy":20,"rice":19,"cotton":29,"vegetables":36,"solar":61,"industrial_land":56,"best_crop":"vegetables","confidence":95,"period":"2025_summer","power_km":53.2,"rail_km":71.7,"water_km":31.4},"geometry":{"type":"Polygon","coordinates":[[[67.63687084714965,42.34044834038483],[67.64881775509751,42.50202341390818],[67.86712092685899,42.49293967586261],[67.85461827070209,42.33141554991176],[67.63687084714965,42.34044834038483]]]}},{"type":"Feature","id":"agro-11-9","properties":{"cell_id":"TKO-11-09","latitude":42.40749,"longitude":67.96983,"area_km2":324.0,"coverage_pct":100.0,"sample_count":1936,"active_vegetation_pct":2.1,"surface_water_pct":0.0,"ndvi":0.081,"ndwi":-0.187,"ndre":0.046,"ndmi":-0.107,"ndbi":0.107,"bsi":0.156,"soy":26,"rice":22,"cotton":34,"vegetables":41,"solar":51,"industrial_land":46,"best_crop":"vegetables","confidence":95,"period":"2025_summer","power_km":40.5,"rail_km":56.9,"water_km":20.3},"geometry":{"type":"Polygon","coordinates":[[[67.85461827070209,42.33141554991176],[67.86712092685899,42.49293967586261],[68.08532086128766,42.483441944860424],[68.07226344244533,42.32197107287148],[67.85461827070209,42.33141554991176]]]}},{"type":"Feature","id":"agro-11-10","properties":{"cell_id":"TKO-11-10","latitude":42.39782,"longitude":68.1877,"area_km2":324.0,"coverage_pct":100.0,"sample_count":1936,"active_vegetation_pct":34.6,"surface_water_pct":0.7,"ndvi":0.127,"ndwi":-0.218,"ndre":0.076,"ndmi":-0.076,"ndbi":0.076,"bsi":0.129,"soy":60,"rice":39,"cotton":61,"vegetables":66,"solar":21,"industrial_land":19,"best_crop":"vegetables","confidence":95,"period":"2025_summer","power_km":32.9,"rail_km":42.4,"water_km":3.6},"geometry":{"type":"Polygon","coordinates":[[[68.07226344244533,42.32197107287148],[68.08532086128766,42.483441944860424],[68.30341302249316,42.47353078209956],[68.28980186901329,42.31211546524812],[68.07226344244533,42.32197107287148]]]}},{"type":"Feature","id":"agro-11-11","properties":{"cell_id":"TKO-11-11","latitude":42.38773,"longitude":68.40546,"area_km2":324.0,"coverage_pct":100.0,"sample_count":1936,"active_vegetation_pct":65.6,"surface_water_pct":0.7,"ndvi":0.22,"ndwi":-0.313,"ndre":0.133,"ndmi":0.041,"ndbi":-0.041,"bsi":0.059,"soy":100,"rice":43,"cotton":88,"vegetables":82,"solar":9,"industrial_land":12,"best_crop":"soy","confidence":95,"period":"2025_summer","power_km":28.7,"rail_km":29.2,"water_km":0.1},"geometry":{"type":"Polygon","coordinates":[[[68.28980186901329,42.31211546524812],[68.30341302249316,42.47353078209956],[68.52139288888944,42.46320677267295],[68.50722907110783,42.30184930670313],[68.28980186901329,42.31211546524812]]]}},{"type":"Feature","id":"agro-11-12","properties":{"cell_id":"TKO-11-12","latitude":42.37723,"longitude":68.6231,"area_km2":324.0,"coverage_pct":100.0,"sample_count":1936,"active_vegetation_pct":15.6,"surface_water_pct":6.4,"ndvi":0.112,"ndwi":-0.243,"ndre":0.068,"ndmi":-0.124,"ndbi":0.124,"bsi":0.178,"soy":31,"rice":41,"cotton":36,"vegetables":38,"solar":64,"industrial_land":61,"best_crop":"rice","confidence":95,"period":"2025_summer","power_km":11.2,"rail_km":12.6,"water_km":15.4},"geometry":{"type":"Polygon","coordinates":[[[68.50722907110783,42.30184930670313],[68.52139288888944,42.46320677267295],[68.73925595376997,42.45247052546622],[68.72454058406471,42.291173200474624],[68.50722907110783,42.30184930670313]]]}},{"type":"Feature","id":"agro-11-13","properties":{"cell_id":"TKO-11-13","latitude":42.36632,"longitude":68.84063,"area_km2":324.0,"coverage_pct":100.0,"sample_count":1936,"active_vegetation_pct":11.5,"surface_water_pct":0.0,"ndvi":0.128,"ndwi":-0.268,"ndre":0.085,"ndmi":-0.133,"ndbi":0.133,"bsi":0.185,"soy":36,"rice":17,"cotton":38,"vegetables":38,"solar":68,"industrial_land":67,"best_crop":"cotton","confidence":95,"period":"2025_summer","power_km":0.8,"rail_km":0.5,"water_km":6.0},"geometry":{"type":"Polygon","coordinates":[[[68.72454058406471,42.291173200474624],[68.73925595376997,42.45247052546622],[68.95699772587811,42.441322673051694],[68.94173195841479,42.280087773272754],[68.72454058406471,42.291173200474624]]]}},{"type":"Feature","id":"agro-11-14","properties":{"cell_id":"TKO-11-14","latitude":42.35499,"longitude":69.05804,"area_km2":324.0,"coverage_pct":100.0,"sample_count":1936,"active_vegetation_pct":3.2,"surface_water_pct":0.0,"ndvi":0.129,"ndwi":-0.275,"ndre":0.083,"ndmi":-0.113,"ndbi":0.113,"bsi":0.178,"soy":43,"rice":20,"cotton":44,"vegetables":43,"solar":61,"industrial_land":57,"best_crop":"cotton","confidence":95,"period":"2025_summer","power_km":2.6,"rail_km":3.4,"water_km":11.7},"geometry":{"type":"Polygon","coordinates":[[[68.94173195841479,42.280087773272754],[68.95699772587811,42.441322673051694],[69.17461372997208,42.42976387157826],[69.15879876044015,42.26859367517132],[68.94173195841479,42.280087773272754]]]}},{"type":"Feature","id":"agro-11-15","properties":{"cell_id":"TKO-11-15","latitude":42.34326,"longitude":69.27531,"area_km2":324.0,"coverage_pct":100.0,"sample_count":1936,"active_vegetation_pct":23.6,"surface_water_pct":0.0,"ndvi":0.143,"ndwi":-0.291,"ndre":0.086,"ndmi":-0.1,"ndbi":0.1,"bsi":0.167,"soy":55,"rice":23,"cotton":52,"vegetables":49,"solar":50,"industrial_land":47,"best_crop":"soy","confidence":95,"period":"2025_summer","power_km":0.5,"rail_km":3.2,"water_km":1.6},"geometry":{"type":"Polygon","coordinates":[[[69.15879876044015,42.26859367517132],[69.17461372997208,42.42976387157826],[69.3920995073848,42.417794800657425],[69.37573657272486,42.25669157949537],[69.15879876044015,42.26859367517132]]]}},{"type":"Feature","id":"agro-11-16","properties":{"cell_id":"TKO-11-16","latitude":42.33112,"longitude":69.49246,"area_km2":324.0,"coverage_pct":100.0,"sample_count":1936,"active_vegetation_pct":44.7,"surface_water_pct":0.1,"ndvi":0.171,"ndwi":-0.295,"ndre":0.106,"ndmi":-0.051,"ndbi":0.051,"bsi":0.121,"soy":85,"rice":35,"cotton":76,"vegetables":73,"solar":15,"industrial_land":15,"best_crop":"soy","confidence":95,"period":"2025_summer","power_km":2.3,"rail_km":1.5,"water_km":0.7},"geometry":{"type":"Polygon","coordinates":[[[69.37573657272486,42.25669157949537],[69.3920995073848,42.417794800657425],[69.60945061657809,42.405416163245526],[69.59254099470056,42.24438218270522],[69.37573657272486,42.25669157949537]]]}},{"type":"Feature","id":"agro-11-17","properties":{"cell_id":"TKO-11-17","latitude":42.31858,"longitude":69.70947,"area_km2":324.0,"coverage_pct":100.0,"sample_count":1936,"active_vegetation_pct":49.0,"surface_water_pct":0.0,"ndvi":0.178,"ndwi":-0.294,"ndre":0.112,"ndmi":-0.048,"ndbi":0.048,"bsi":0.111,"soy":89,"rice":36,"cotton":80,"vegetables":76,"solar":13,"industrial_land":14,"best_crop":"soy","confidence":95,"period":"2025_summer","power_km":0.4,"rail_km":0.4,"water_km":1.1},"geometry":{"type":"Polygon","coordinates":[[[69.59254099470056,42.24438218270522],[69.60945061657809,42.405416163245526],[69.82666263369103,42.39262868552208],[69.80920764318616,42.231666204276586],[69.59254099470056,42.24438218270522]]]}},{"type":"Feature","id":"agro-11-18","properties":{"cell_id":"TKO-11-18","latitude":42.30562,"longitude":69.92633,"area_km2":324.0,"coverage_pct":100.0,"sample_count":1936,"active_vegetation_pct":48.2,"surface_water_pct":0.0,"ndvi":0.177,"ndwi":-0.32,"ndre":0.107,"ndmi":-0.072,"ndbi":0.072,"bsi":0.149,"soy":83,"rice":31,"cotton":74,"vegetables":67,"solar":28,"industrial_land":26,"best_crop":"soy","confidence":95,"period":"2025_summer","power_km":1.1,"rail_km":12.8,"water_km":2.2},"geometry":{"type":"Polygon","coordinates":[[[69.80920764318616,42.231666204276586],[69.82666263369103,42.39262868552208],[70.04373115308272,42.379433116764474],[70.02573215292215,42.21854438657695],[69.80920764318616,42.231666204276586]]]}},{"type":"Feature","id":"agro-11-19","properties":{"cell_id":"TKO-11-19","latitude":42.29226,"longitude":70.14306,"area_km2":324.0,"coverage_pct":100.0,"sample_count":1936,"active_vegetation_pct":47.3,"surface_water_pct":0.0,"ndvi":0.177,"ndwi":-0.333,"ndre":0.109,"ndmi":-0.11,"ndbi":0.11,"bsi":0.177,"soy":66,"rice":22,"cotton":60,"vegetables":53,"solar":52,"industrial_land":52,"best_crop":"soy","confidence":95,"period":"2025_summer","power_km":0.8,"rail_km":23.3,"water_km":0.6},"geometry":{"type":"Polygon","coordinates":[[[70.02573215292215,42.21854438657695],[70.04373115308272,42.379433116764474],[70.26065178786882,42.36583022921884],[70.24211017709877,42.20501749473846],[70.02573215292215,42.21854438657695]]]}},{"type":"Feature","id":"agro-11-20","properties":{"cell_id":"TKO-11-20","latitude":42.27849,"longitude":70.35963,"area_km2":324.0,"coverage_pct":100.0,"sample_count":1936,"active_vegetation_pct":75.8,"surface_water_pct":0.0,"ndvi":0.222,"ndwi":-0.368,"ndre":0.137,"ndmi":-0.135,"ndbi":0.135,"bsi":0.189,"soy":68,"rice":20,"cotton":63,"vegetables":55,"solar":58,"industrial_land":63,"best_crop":"soy","confidence":95,"period":"2025_summer","power_km":11.8,"rail_km":21.1,"water_km":0.4},"geometry":{"type":"Polygon","coordinates":[[[70.24211017709877,42.20501749473846],[70.26065178786882,42.36583022921884],[70.47742017045194,42.35182081796736],[70.45833738787817,42.19108631652707],[70.24211017709877,42.20501749473846]]]}},{"type":"Feature","id":"agro-11-21","properties":{"cell_id":"TKO-11-21","latitude":42.26432,"longitude":70.57605,"area_km2":324.0,"coverage_pct":100.0,"sample_count":1936,"active_vegetation_pct":65.0,"surface_water_pct":0.1,"ndvi":0.216,"ndwi":-0.324,"ndre":0.137,"ndmi":-0.122,"ndbi":0.122,"bsi":0.162,"soy":76,"rice":24,"cotton":67,"vegetables":61,"solar":40,"industrial_land":48,"best_crop":"soy","confidence":95,"period":"2025_summer","power_km":18.4,"rail_km":24.6,"water_km":2.9},"geometry":{"type":"Polygon","coordinates":[[[70.45833738787817,42.19108631652707],[70.47742017045194,42.35182081796736],[70.69403195304575,42.33740570079187],[70.67440947691053,42.17675166220812],[70.45833738787817,42.19108631652707]]]}},{"type":"Feature","id":"agro-11-22","properties":{"cell_id":"TKO-11-22","latitude":42.2579,"longitude":70.7791,"area_km2":262.7,"coverage_pct":81.1,"sample_count":1570,"active_vegetation_pct":39.3,"surface_water_pct":1.5,"ndvi":0.145,"ndwi":-0.256,"ndre":0.094,"ndmi":-0.101,"ndbi":0.101,"bsi":0.15,"soy":59,"rice":37,"cotton":58,"vegetables":58,"solar":37,"industrial_land":37,"best_crop":"soy","confidence":87,"period":"2025_summer","power_km":26.9,"rail_km":31.0,"water_km":0.3},"geometry":{"type":"Polygon","coordinates":[[[70.89764447140386,42.22048661678548],[70.87528228800016,42.213207244999964],[70.83904266300011,42.19394302500017],[70.82397460900017,42.193588258000034],[70.80795288100006,42.20671081600011],[70.79571533200016,42.20989990300006],[70.76255798400007,42.186607361000036],[70.75034583253232,42.171615673205025],[70.67440947691053,42.17675166220812],[70.69403195304575,42.33740570079187],[70.87681436631036,42.32491823107867],[70.87181854300019,42.318470002000076],[70.871673584,42.29250335800009],[70.88873291100009,42.278137207999976],[70.8934249880001,42.26494216900005],[70.90285728220245,42.26200689468824],[70.89764447140386,42.22048661678548]]]}},{"type":"Feature","id":"agro-12-2","properties":{"cell_id":"TKO-12-02","latitude":42.57129,"longitude":66.52275,"area_km2":41.6,"coverage_pct":12.8,"sample_count":990,"active_vegetation_pct":0.0,"surface_water_pct":0.0,"ndvi":0.091,"ndwi":-0.223,"ndre":0.052,"ndmi":-0.17,"ndbi":0.17,"bsi":0.21,"soy":3,"rice":8,"cotton":14,"vegetables":19,"solar":91,"industrial_land":88,"best_crop":"vegetables","confidence":75,"period":"2025_summer","power_km":114.3,"rail_km":145.3,"water_km":111.8},"geometry":{"type":"Polygon","coordinates":[[[66.55591302028311,42.54121425253032],[66.45152688282138,42.54440984373446],[66.56086637116434,42.628200059558786],[66.55591302028311,42.54121425253032]]]}},{"type":"Feature","id":"agro-12-3","properties":{"cell_id":"TKO-12-03","latitude":42.58333,"longitude":66.6578,"area_km2":174.5,"coverage_pct":53.9,"sample_count":1445,"active_vegetation_pct":0.0,"surface_water_pct":0.0,"ndvi":0.089,"ndwi":-0.217,"ndre":0.051,"ndmi":-0.167,"ndbi":0.167,"bsi":0.205,"soy":2,"rice":9,"cotton":13,"vegetables":19,"solar":91,"industrial_land":88,"best_crop":"vegetables","confidence":85,"period":"2025_summer","power_km":119.4,"rail_km":137.9,"water_km":102.2},"geometry":{"type":"Polygon","coordinates":[[[66.77466388056587,42.5342080542712],[66.55591302028311,42.54121425253032],[66.56086637116434,42.628200059558786],[66.59861790200017,42.65705097200003],[66.73956298900015,42.59292602600009],[66.78003498780602,42.623066912679995],[66.77466388056587,42.5342080542712]]]}},{"type":"Feature","id":"agro-12-4","properties":{"cell_id":"TKO-12-04","latitude":42.60543,"longitude":66.89674,"area_km2":294.3,"coverage_pct":90.8,"sample_count":1758,"active_vegetation_pct":0.0,"surface_water_pct":0.0,"ndvi":0.075,"ndwi":-0.2,"ndre":0.04,"ndmi":-0.157,"ndbi":0.157,"bsi":0.199,"soy":4,"rice":11,"cotton":16,"vegetables":23,"solar":86,"industrial_land":82,"best_crop":"vegetables","confidence":91,"period":"2025_summer","power_km":117.5,"rail_km":124.8,"water_km":86.1},"geometry":{"type":"Polygon","coordinates":[[[67.00369352013324,42.6884928392121],[66.99333437706943,42.5267854187827],[66.77466388056587,42.5342080542712],[66.78003498780602,42.623066912679995],[66.87373138666179,42.69296866850579],[67.00369352013324,42.6884928392121]]]}},{"type":"Feature","id":"agro-12-5","properties":{"cell_id":"TKO-12-05","latitude":42.60376,"longitude":67.10795,"area_km2":324.0,"coverage_pct":100.0,"sample_count":1936,"active_vegetation_pct":0.0,"surface_water_pct":0.0,"ndvi":0.074,"ndwi":-0.187,"ndre":0.04,"ndmi":-0.12,"ndbi":0.12,"bsi":0.172,"soy":20,"rice":19,"cotton":29,"vegetables":36,"solar":63,"industrial_land":57,"best_crop":"vegetables","confidence":95,"period":"2025_summer","power_km":106.8,"rail_km":109.6,"water_km":72.7},"geometry":{"type":"Polygon","coordinates":[[[66.99333437706943,42.5267854187827],[67.00369352013324,42.6884928392121],[67.22284208900885,42.68060998298362],[67.2119199111737,42.51894678639728],[66.99333437706943,42.5267854187827]]]}},{"type":"Feature","id":"agro-12-6","properties":{"cell_id":"TKO-12-06","latitude":42.59569,"longitude":67.32677,"area_km2":324.0,"coverage_pct":100.0,"sample_count":1936,"active_vegetation_pct":0.0,"surface_water_pct":0.0,"ndvi":0.073,"ndwi":-0.188,"ndre":0.038,"ndmi":-0.122,"ndbi":0.122,"bsi":0.173,"soy":19,"rice":19,"cotton":28,"vegetables":35,"solar":64,"industrial_land":59,"best_crop":"vegetables","confidence":95,"period":"2025_summer","power_km":89.7,"rail_km":93.3,"water_km":60.9},"geometry":{"type":"Polygon","coordinates":[[[67.2119199111737,42.51894678639728],[67.22284208900885,42.68060998298362],[67.44190023964055,42.672309262184804],[67.43041589561778,42.5106926217923],[67.2119199111737,42.51894678639728]]]}},{"type":"Feature","id":"agro-12-7","properties":{"cell_id":"TKO-12-07","latitude":42.58721,"longitude":67.5455,"area_km2":324.0,"coverage_pct":100.0,"sample_count":1936,"active_vegetation_pct":0.0,"surface_water_pct":0.0,"ndvi":0.069,"ndwi":-0.183,"ndre":0.035,"ndmi":-0.125,"ndbi":0.125,"bsi":0.174,"soy":18,"rice":18,"cotton":27,"vegetables":34,"solar":65,"industrial_land":60,"best_crop":"vegetables","confidence":95,"period":"2025_summer","power_km":73.0,"rail_km":76.7,"water_km":48.5},"geometry":{"type":"Polygon","coordinates":[[[67.43041589561778,42.5106926217923],[67.44190023964055,42.672309262184804],[67.66086335295368,42.66359117036301],[67.64881775509751,42.50202341390818],[67.43041589561778,42.5106926217923]]]}},{"type":"Feature","id":"agro-12-8","properties":{"cell_id":"TKO-12-08","latitude":42.57831,"longitude":67.76413,"area_km2":324.0,"coverage_pct":100.0,"sample_count":1936,"active_vegetation_pct":0.0,"surface_water_pct":0.0,"ndvi":0.072,"ndwi":-0.184,"ndre":0.037,"ndmi":-0.13,"ndbi":0.13,"bsi":0.174,"soy":16,"rice":17,"cotton":25,"vegetables":33,"solar":66,"industrial_land":62,"best_crop":"vegetables","confidence":95,"period":"2025_summer","power_km":57.0,"rail_km":60.9,"water_km":30.9},"geometry":{"type":"Polygon","coordinates":[[[67.64881775509751,42.50202341390818],[67.66086335295368,42.66359117036301],[67.87972682263616,42.65445622546715],[67.86712092685899,42.49293967586261],[67.64881775509751,42.50202341390818]]]}},{"type":"Feature","id":"agro-12-9","properties":{"cell_id":"TKO-12-09","latitude":42.56899,"longitude":67.98266,"area_km2":324.0,"coverage_pct":100.0,"sample_count":1936,"active_vegetation_pct":0.3,"surface_water_pct":0.0,"ndvi":0.081,"ndwi":-0.187,"ndre":0.043,"ndmi":-0.119,"ndbi":0.119,"bsi":0.166,"soy":21,"rice":20,"cotton":29,"vegetables":37,"solar":60,"industrial_land":55,"best_crop":"vegetables","confidence":95,"period":"2025_summer","power_km":42.4,"rail_km":46.6,"water_km":14.0},"geometry":{"type":"Polygon","coordinates":[[[67.86712092685899,42.49293967586261],[67.87972682263616,42.65445622546715],[68.09848605573731,42.64490496975632],[68.08532086128766,42.483441944860424],[67.86712092685899,42.49293967586261]]]}},{"type":"Feature","id":"agro-12-10","properties":{"cell_id":"TKO-12-10","latitude":42.55926,"longitude":68.20109,"area_km2":324.0,"coverage_pct":100.0,"sample_count":1936,"active_vegetation_pct":61.9,"surface_water_pct":0.5,"ndvi":0.23,"ndwi":-0.3,"ndre":0.146,"ndmi":-0.03,"ndbi":0.03,"bsi":0.092,"soy":100,"rice":42,"cotton":90,"vegetables":84,"solar":8,"industrial_land":10,"best_crop":"soy","confidence":95,"period":"2025_summer","power_km":30.4,"rail_km":31.9,"water_km":0.4},"geometry":{"type":"Polygon","coordinates":[[[68.08532086128766,42.483441944860424],[68.09848605573731,42.64490496975632],[68.31713647326231,42.634937969704325],[68.30341302249316,42.47353078209956],[68.08532086128766,42.483441944860424]]]}},{"type":"Feature","id":"agro-12-11","properties":{"cell_id":"TKO-12-11","latitude":42.54911,"longitude":68.4194,"area_km2":324.0,"coverage_pct":100.0,"sample_count":1936,"active_vegetation_pct":52.1,"surface_water_pct":0.0,"ndvi":0.224,"ndwi":-0.31,"ndre":0.143,"ndmi":-0.007,"ndbi":0.007,"bsi":0.087,"soy":100,"rice":37,"cotton":89,"vegetables":82,"solar":9,"industrial_land":11,"best_crop":"soy","confidence":95,"period":"2025_summer","power_km":15.8,"rail_km":17.1,"water_km":0.5},"geometry":{"type":"Polygon","coordinates":[[[68.30341302249316,42.47353078209956],[68.31713647326231,42.634937969704325],[68.53567351076191,42.6245558159],[68.52139288888944,42.46320677267295],[68.30341302249316,42.47353078209956]]]}},{"type":"Feature","id":"agro-12-12","properties":{"cell_id":"TKO-12-12","latitude":42.53855,"longitude":68.6376,"area_km2":324.0,"coverage_pct":100.0,"sample_count":1936,"active_vegetation_pct":15.6,"surface_water_pct":0.0,"ndvi":0.104,"ndwi":-0.229,"ndre":0.055,"ndmi":-0.11,"ndbi":0.11,"bsi":0.168,"soy":31,"rice":21,"cotton":37,"vegetables":41,"solar":57,"industrial_land":52,"best_crop":"vegetables","confidence":95,"period":"2025_summer","power_km":5.6,"rail_km":3.9,"water_km":1.3},"geometry":{"type":"Polygon","coordinates":[[[68.52139288888944,42.46320677267295],[68.53567351076191,42.6245558159],[68.75409261891697,42.613759122943605],[68.73925595376997,42.45247052546622],[68.52139288888944,42.46320677267295]]]}},{"type":"Feature","id":"agro-12-13","properties":{"cell_id":"TKO-12-13","latitude":42.52758,"longitude":68.85568,"area_km2":324.0,"coverage_pct":100.0,"sample_count":1936,"active_vegetation_pct":37.4,"surface_water_pct":0.0,"ndvi":0.146,"ndwi":-0.274,"ndre":0.082,"ndmi":-0.106,"ndbi":0.106,"bsi":0.169,"soy":53,"rice":23,"cotton":52,"vegetables":51,"solar":50,"industrial_land":48,"best_crop":"soy","confidence":95,"period":"2025_summer","power_km":6.7,"rail_km":8.5,"water_km":3.2},"geometry":{"type":"Polygon","coordinates":[[[68.73925595376997,42.45247052546622],[68.75409261891697,42.613759122943605],[68.97238926411816,42.602548529339046],[68.95699772587811,42.441322673051694],[68.73925595376997,42.45247052546622]]]}},{"type":"Feature","id":"agro-12-14","properties":{"cell_id":"TKO-12-14","latitude":42.51619,"longitude":69.07364,"area_km2":324.0,"coverage_pct":100.0,"sample_count":1936,"active_vegetation_pct":36.9,"surface_water_pct":0.0,"ndvi":0.138,"ndwi":-0.276,"ndre":0.084,"ndmi":-0.111,"ndbi":0.111,"bsi":0.17,"soy":48,"rice":22,"cotton":48,"vegetables":47,"solar":54,"industrial_land":52,"best_crop":"soy","confidence":95,"period":"2025_summer","power_km":17.2,"rail_km":11.9,"water_km":0.5},"geometry":{"type":"Polygon","coordinates":[[[68.95699772587811,42.441322673051694],[68.97238926411816,42.602548529339046],[69.19055892904021,42.590924697382164],[69.17461372997208,42.42976387157826],[68.95699772587811,42.441322673051694]]]}},{"type":"Feature","id":"agro-12-15","properties":{"cell_id":"TKO-12-15","latitude":42.5044,"longitude":69.29147,"area_km2":324.0,"coverage_pct":100.0,"sample_count":1936,"active_vegetation_pct":29.7,"surface_water_pct":0.0,"ndvi":0.138,"ndwi":-0.272,"ndre":0.075,"ndmi":-0.103,"ndbi":0.103,"bsi":0.165,"soy":50,"rice":23,"cotton":49,"vegetables":49,"solar":49,"industrial_land":46,"best_crop":"soy","confidence":95,"period":"2025_summer","power_km":5.3,"rail_km":13.9,"water_km":6.8},"geometry":{"type":"Polygon","coordinates":[[[69.17461372997208,42.42976387157826],[69.19055892904021,42.590924697382164],[69.4085971132106,42.57888831304519],[69.3920995073848,42.417794800657425],[69.17461372997208,42.42976387157826]]]}},{"type":"Feature","id":"agro-12-16","properties":{"cell_id":"TKO-12-16","latitude":42.49219,"longitude":69.50916,"area_km2":324.0,"coverage_pct":100.0,"sample_count":1936,"active_vegetation_pct":28.2,"surface_water_pct":0.0,"ndvi":0.142,"ndwi":-0.27,"ndre":0.073,"ndmi":-0.095,"ndbi":0.095,"bsi":0.158,"soy":55,"rice":25,"cotton":53,"vegetables":53,"solar":42,"industrial_land":40,"best_crop":"soy","confidence":95,"period":"2025_summer","power_km":9.2,"rail_km":14.8,"water_km":2.3},"geometry":{"type":"Polygon","coordinates":[[[69.3920995073848,42.417794800657425],[69.4085971132106,42.57888831304519],[69.6264993335728,42.56644008585705],[69.60945061657809,42.405416163245526],[69.3920995073848,42.417794800657425]]]}},{"type":"Feature","id":"agro-12-17","properties":{"cell_id":"TKO-12-17","latitude":42.47957,"longitude":69.72672,"area_km2":324.0,"coverage_pct":100.0,"sample_count":1936,"active_vegetation_pct":52.1,"surface_water_pct":0.0,"ndvi":0.184,"ndwi":-0.295,"ndre":0.108,"ndmi":-0.06,"ndbi":0.06,"bsi":0.119,"soy":90,"rice":36,"cotton":81,"vegetables":77,"solar":11,"industrial_land":13,"best_crop":"soy","confidence":95,"period":"2025_summer","power_km":0.8,"rail_km":7.7,"water_km":0.6},"geometry":{"type":"Polygon","coordinates":[[[69.60945061657809,42.405416163245526],[69.6264993335728,42.56644008585705],[69.84426112504342,42.55358074878008],[69.82666263369103,42.39262868552208],[69.60945061657809,42.405416163245526]]]}},{"type":"Feature","id":"agro-12-18","properties":{"cell_id":"TKO-12-18","latitude":42.46654,"longitude":69.94413,"area_km2":324.0,"coverage_pct":100.0,"sample_count":1936,"active_vegetation_pct":36.9,"surface_water_pct":0.0,"ndvi":0.159,"ndwi":-0.292,"ndre":0.084,"ndmi":-0.095,"ndbi":0.095,"bsi":0.159,"soy":63,"rice":25,"cotton":58,"vegetables":56,"solar":40,"industrial_land":39,"best_crop":"soy","confidence":95,"period":"2025_summer","power_km":1.6,"rail_km":7.2,"water_km":2.3},"geometry":{"type":"Polygon","coordinates":[[[69.82666263369103,42.39262868552208],[69.84426112504342,42.55358074878008],[70.06187804106355,42.54031105808273],[70.04373115308272,42.379433116764474],[69.82666263369103,42.39262868552208]]]}},{"type":"Feature","id":"agro-12-19","properties":{"cell_id":"TKO-12-19","latitude":42.4531,"longitude":70.1614,"area_km2":324.0,"coverage_pct":100.0,"sample_count":1936,"active_vegetation_pct":61.2,"surface_water_pct":0.0,"ndvi":0.197,"ndwi":-0.33,"ndre":0.115,"ndmi":-0.108,"ndbi":0.108,"bsi":0.162,"soy":77,"rice":25,"cotton":69,"vegetables":62,"solar":38,"industrial_land":42,"best_crop":"soy","confidence":95,"period":"2025_summer","power_km":1.8,"rail_km":6.4,"water_km":2.6},"geometry":{"type":"Polygon","coordinates":[[[70.04373115308272,42.379433116764474],[70.06187804106355,42.54031105808273],[70.27934565414387,42.526631793208615],[70.26065178786882,42.36583022921884],[70.04373115308272,42.379433116764474]]]}},{"type":"Feature","id":"agro-12-20","properties":{"cell_id":"TKO-12-20","latitude":42.43926,"longitude":70.37852,"area_km2":324.0,"coverage_pct":100.0,"sample_count":1936,"active_vegetation_pct":76.8,"surface_water_pct":0.0,"ndvi":0.219,"ndwi":-0.355,"ndre":0.135,"ndmi":-0.111,"ndbi":0.111,"bsi":0.164,"soy":80,"rice":26,"cotton":71,"vegetables":64,"solar":39,"industrial_land":44,"best_crop":"soy","confidence":95,"period":"2025_summer","power_km":1.0,"rail_km":3.4,"water_km":3.3},"geometry":{"type":"Polygon","coordinates":[[[70.26065178786882,42.36583022921884],[70.27934565414387,42.526631793208615],[70.49665955640332,42.51254375664183],[70.47742017045194,42.35182081796736],[70.26065178786882,42.36583022921884]]]}},{"type":"Feature","id":"agro-12-21","properties":{"cell_id":"TKO-12-21","latitude":42.42278,"longitude":70.59158,"area_km2":311.7,"coverage_pct":96.2,"sample_count":1863,"active_vegetation_pct":75.4,"surface_water_pct":0.0,"ndvi":0.231,"ndwi":-0.353,"ndre":0.14,"ndmi":-0.095,"ndbi":0.095,"bsi":0.144,"soy":88,"rice":30,"cotton":77,"vegetables":70,"solar":24,"industrial_land":30,"best_crop":"soy","confidence":93,"period":"2025_summer","power_km":5.6,"rail_km":7.6,"water_km":0.9},"geometry":{"type":"Polygon","coordinates":[[[70.69403195304575,42.33740570079187],[70.47742017045194,42.35182081796736],[70.49665955640332,42.51254375664183],[70.66371525599992,42.50142926488658],[70.70495605400004,42.448204042000164],[70.70772613484067,42.448744028893486],[70.69403195304575,42.33740570079187]]]}},{"type":"Feature","id":"agro-12-22","properties":{"cell_id":"TKO-12-22","latitude":42.38388,"longitude":70.77022,"area_km2":144.3,"coverage_pct":44.5,"sample_count":1207,"active_vegetation_pct":35.9,"surface_water_pct":1.4,"ndvi":0.103,"ndwi":-0.191,"ndre":0.067,"ndmi":-0.064,"ndbi":0.064,"bsi":0.116,"soy":54,"rice":46,"cotton":57,"vegetables":63,"solar":24,"industrial_land":17,"best_crop":"vegetables","confidence":80,"period":"2025_summer","power_km":13.1,"rail_km":19.4,"water_km":3.8},"geometry":{"type":"Polygon","coordinates":[[[70.69403195304575,42.33740570079187],[70.70772613484067,42.448744028893486],[70.78511810300006,42.46379852300002],[70.802795409,42.43975448600003],[70.78462219200014,42.40176773100017],[70.82807159400016,42.40033721900011],[70.82867431700004,42.376972199000086],[70.88494873100018,42.33909988400012],[70.88276672400019,42.329273224000076],[70.87681436631036,42.32491823107867],[70.69403195304575,42.33740570079187]]]}},{"type":"Feature","id":"agro-13-4","properties":{"cell_id":"TKO-13-04","latitude":42.72537,"longitude":66.96263,"area_km2":63.0,"coverage_pct":19.5,"sample_count":990,"active_vegetation_pct":0.0,"surface_water_pct":0.0,"ndvi":0.072,"ndwi":-0.193,"ndre":0.036,"ndmi":-0.15,"ndbi":0.15,"bsi":0.194,"soy":7,"rice":12,"cotton":19,"vegetables":25,"solar":82,"industrial_land":77,"best_crop":"vegetables","confidence":75,"period":"2025_summer","power_km":103.1,"rail_km":110.7,"water_km":73.0},"geometry":{"type":"Polygon","coordinates":[[[67.00369352013324,42.6884928392121],[66.87373138666179,42.69296866850579],[67.01053743500819,42.79459668873951],[67.00369352013324,42.6884928392121]]]}},{"type":"Feature","id":"agro-13-5","properties":{"cell_id":"TKO-13-05","latitude":42.76078,"longitude":67.12406,"area_km2":302.6,"coverage_pct":93.4,"sample_count":1808,"active_vegetation_pct":0.1,"surface_water_pct":0.0,"ndvi":0.068,"ndwi":-0.182,"ndre":0.034,"ndmi":-0.126,"ndbi":0.126,"bsi":0.176,"soy":17,"rice":18,"cotton":27,"vegetables":34,"solar":67,"industrial_land":61,"best_crop":"vegetables","confidence":92,"period":"2025_summer","power_km":95.4,"rail_km":99.7,"water_km":60.6},"geometry":{"type":"Polygon","coordinates":[[[67.23385468711456,42.84226632001472],[67.22284208900885,42.68060998298362],[67.00369352013324,42.6884928392121],[67.01053743500819,42.79459668873951],[67.0214,42.802658000000186],[67.10166135858896,42.84708659003608],[67.23385468711456,42.84226632001472]]]}},{"type":"Feature","id":"agro-13-6","properties":{"cell_id":"TKO-13-06","latitude":42.75733,"longitude":67.33802,"area_km2":324.0,"coverage_pct":100.0,"sample_count":1936,"active_vegetation_pct":0.0,"surface_water_pct":0.0,"ndvi":0.069,"ndwi":-0.182,"ndre":0.035,"ndmi":-0.121,"ndbi":0.121,"bsi":0.172,"soy":19,"rice":19,"cotton":29,"vegetables":35,"solar":63,"industrial_land":58,"best_crop":"vegetables","confidence":95,"period":"2025_summer","power_km":85.3,"rail_km":85.4,"water_km":47.3},"geometry":{"type":"Polygon","coordinates":[[[67.22284208900885,42.68060998298362],[67.23385468711456,42.84226632001472],[67.45347962310906,42.833918804279044],[67.44190023964055,42.672309262184804],[67.22284208900885,42.68060998298362]]]}},{"type":"Feature","id":"agro-13-7","properties":{"cell_id":"TKO-13-07","latitude":42.7488,"longitude":67.55731,"area_km2":324.0,"coverage_pct":100.0,"sample_count":1936,"active_vegetation_pct":0.1,"surface_water_pct":0.0,"ndvi":0.071,"ndwi":-0.184,"ndre":0.037,"ndmi":-0.124,"ndbi":0.124,"bsi":0.173,"soy":18,"rice":18,"cotton":28,"vegetables":34,"solar":65,"industrial_land":59,"best_crop":"vegetables","confidence":95,"period":"2025_summer","power_km":67.6,"rail_km":69.3,"water_km":35.9},"geometry":{"type":"Polygon","coordinates":[[[67.44190023964055,42.672309262184804],[67.45347962310906,42.833918804279044],[67.67300859666757,42.82515157806693],[67.66086335295368,42.66359117036301],[67.44190023964055,42.672309262184804]]]}},{"type":"Feature","id":"agro-13-8","properties":{"cell_id":"TKO-13-08","latitude":42.73984,"longitude":67.77651,"area_km2":324.0,"coverage_pct":100.0,"sample_count":1936,"active_vegetation_pct":0.0,"surface_water_pct":0.0,"ndvi":0.073,"ndwi":-0.183,"ndre":0.038,"ndmi":-0.131,"ndbi":0.131,"bsi":0.174,"soy":16,"rice":17,"cotton":25,"vegetables":33,"solar":67,"industrial_land":62,"best_crop":"vegetables","confidence":95,"period":"2025_summer","power_km":50.0,"rail_km":53.4,"water_km":28.0},"geometry":{"type":"Polygon","coordinates":[[[67.66086335295368,42.66359117036301],[67.67300859666757,42.82515157806693],[67.89243695732077,42.81596516421642],[67.87972682263616,42.65445622546715],[67.66086335295368,42.66359117036301]]]}},{"type":"Feature","id":"agro-13-9","properties":{"cell_id":"TKO-13-09","latitude":42.73047,"longitude":67.9956,"area_km2":324.0,"coverage_pct":100.0,"sample_count":1936,"active_vegetation_pct":3.8,"surface_water_pct":0.0,"ndvi":0.083,"ndwi":-0.188,"ndre":0.044,"ndmi":-0.118,"ndbi":0.118,"bsi":0.164,"soy":21,"rice":20,"cotton":30,"vegetables":37,"solar":58,"industrial_land":54,"best_crop":"vegetables","confidence":95,"period":"2025_summer","power_km":32.9,"rail_km":36.5,"water_km":10.8},"geometry":{"type":"Polygon","coordinates":[[[67.87972682263616,42.65445622546715],[67.89243695732077,42.81596516421642],[68.11176006818746,42.80636011010138],[68.09848605573731,42.64490496975632],[67.87972682263616,42.65445622546715]]]}},{"type":"Feature","id":"agro-13-10","properties":{"cell_id":"TKO-13-10","latitude":42.72069,"longitude":68.21459,"area_km2":324.0,"coverage_pct":100.0,"sample_count":1936,"active_vegetation_pct":66.6,"surface_water_pct":0.4,"ndvi":0.235,"ndwi":-0.304,"ndre":0.153,"ndmi":-0.028,"ndbi":0.028,"bsi":0.091,"soy":100,"rice":41,"cotton":89,"vegetables":83,"solar":8,"industrial_land":11,"best_crop":"soy","confidence":95,"period":"2025_summer","power_km":17.1,"rail_km":21.2,"water_km":0.3},"geometry":{"type":"Polygon","coordinates":[[[68.09848605573731,42.64490496975632],[68.11176006818746,42.80636011010138],[68.33097330657874,42.796336987534474],[68.31713647326231,42.634937969704325],[68.09848605573731,42.64490496975632]]]}},{"type":"Feature","id":"agro-13-11","properties":{"cell_id":"TKO-13-11","latitude":42.71048,"longitude":68.43346,"area_km2":324.0,"coverage_pct":100.0,"sample_count":1936,"active_vegetation_pct":54.2,"surface_water_pct":0.0,"ndvi":0.208,"ndwi":-0.298,"ndre":0.134,"ndmi":-0.027,"ndbi":0.027,"bsi":0.101,"soy":100,"rice":38,"cotton":90,"vegetables":84,"solar":8,"industrial_land":10,"best_crop":"soy","confidence":95,"period":"2025_summer","power_km":5.5,"rail_km":6.9,"water_km":0.2},"geometry":{"type":"Polygon","coordinates":[[[68.31713647326231,42.634937969704325],[68.33097330657874,42.796336987534474],[68.55007206459733,42.78589639266615],[68.53567351076191,42.6245558159],[68.31713647326231,42.634937969704325]]]}},{"type":"Feature","id":"agro-13-12","properties":{"cell_id":"TKO-13-12","latitude":42.69987,"longitude":68.65222,"area_km2":324.0,"coverage_pct":100.0,"sample_count":1936,"active_vegetation_pct":8.7,"surface_water_pct":0.0,"ndvi":0.099,"ndwi":-0.22,"ndre":0.053,"ndmi":-0.106,"ndbi":0.106,"bsi":0.165,"soy":31,"rice":22,"cotton":37,"vegetables":42,"solar":55,"industrial_land":49,"best_crop":"vegetables","confidence":95,"period":"2025_summer","power_km":7.6,"rail_km":7.8,"water_km":10.2},"geometry":{"type":"Polygon","coordinates":[[[68.53567351076191,42.6245558159],[68.55007206459733,42.78589639266615],[68.76905174973196,42.77503894587934],[68.75409261891697,42.613759122943605],[68.53567351076191,42.6245558159]]]}},{"type":"Feature","id":"agro-13-13","properties":{"cell_id":"TKO-13-13","latitude":42.68883,"longitude":68.87086,"area_km2":324.0,"coverage_pct":100.0,"sample_count":1936,"active_vegetation_pct":30.6,"surface_water_pct":0.0,"ndvi":0.126,"ndwi":-0.26,"ndre":0.07,"ndmi":-0.123,"ndbi":0.123,"bsi":0.181,"soy":36,"rice":18,"cotton":39,"vegetables":40,"solar":64,"industrial_land":61,"best_crop":"vegetables","confidence":95,"period":"2025_summer","power_km":19.7,"rail_km":21.4,"water_km":5.5},"geometry":{"type":"Polygon","coordinates":[[[68.75409261891697,42.613759122943605],[68.76905174973196,42.77503894587934],[68.98790778544634,42.76376529168015],[68.97238926411816,42.602548529339046],[68.75409261891697,42.613759122943605]]]}},{"type":"Feature","id":"agro-13-14","properties":{"cell_id":"TKO-13-14","latitude":42.67738,"longitude":69.08937,"area_km2":324.0,"coverage_pct":100.0,"sample_count":1936,"active_vegetation_pct":35.1,"surface_water_pct":0.7,"ndvi":0.14,"ndwi":-0.282,"ndre":0.084,"ndmi":-0.11,"ndbi":0.11,"bsi":0.172,"soy":49,"rice":25,"cotton":48,"vegetables":46,"solar":54,"industrial_land":52,"best_crop":"soy","confidence":95,"period":"2025_summer","power_km":16.0,"rail_km":29.0,"water_km":2.7},"geometry":{"type":"Polygon","coordinates":[[[68.97238926411816,42.602548529339046],[68.98790778544634,42.76376529168015],[69.20663561176278,42.75207609858451],[69.19055892904021,42.590924697382164],[68.97238926411816,42.602548529339046]]]}},{"type":"Feature","id":"agro-13-15","properties":{"cell_id":"TKO-13-15","latitude":42.66552,"longitude":69.30776,"area_km2":324.0,"coverage_pct":100.0,"sample_count":1936,"active_vegetation_pct":20.3,"surface_water_pct":0.0,"ndvi":0.13,"ndwi":-0.273,"ndre":0.072,"ndmi":-0.106,"ndbi":0.106,"bsi":0.168,"soy":45,"rice":21,"cotton":45,"vegetables":45,"solar":53,"industrial_land":50,"best_crop":"soy","confidence":95,"period":"2025_summer","power_km":1.8,"rail_km":31.7,"water_km":6.9},"geometry":{"type":"Polygon","coordinates":[[[69.19055892904021,42.590924697382164],[69.20663561176278,42.75207609858451],[69.42523068584029,42.73997205900076],[69.4085971132106,42.57888831304519],[69.19055892904021,42.590924697382164]]]}},{"type":"Feature","id":"agro-13-16","properties":{"cell_id":"TKO-13-16","latitude":42.65324,"longitude":69.526,"area_km2":324.0,"coverage_pct":100.0,"sample_count":1936,"active_vegetation_pct":24.0,"surface_water_pct":0.0,"ndvi":0.136,"ndwi":-0.282,"ndre":0.072,"ndmi":-0.107,"ndbi":0.107,"bsi":0.171,"soy":47,"rice":21,"cotton":46,"vegetables":44,"solar":54,"industrial_land":52,"best_crop":"soy","confidence":95,"period":"2025_summer","power_km":15.9,"rail_km":30.8,"water_km":3.5},"geometry":{"type":"Polygon","coordinates":[[[69.4085971132106,42.57888831304519],[69.42523068584029,42.73997205900076],[69.64368848254665,42.727453889108396],[69.6264993335728,42.56644008585705],[69.4085971132106,42.57888831304519]]]}},{"type":"Feature","id":"agro-13-17","properties":{"cell_id":"TKO-13-17","latitude":42.64055,"longitude":69.74411,"area_km2":324.0,"coverage_pct":100.0,"sample_count":1936,"active_vegetation_pct":28.8,"surface_water_pct":0.0,"ndvi":0.149,"ndwi":-0.289,"ndre":0.081,"ndmi":-0.082,"ndbi":0.082,"bsi":0.155,"soy":63,"rice":27,"cotton":60,"vegetables":57,"solar":38,"industrial_land":34,"best_crop":"soy","confidence":95,"period":"2025_summer","power_km":17.5,"rail_km":16.5,"water_km":6.7},"geometry":{"type":"Polygon","coordinates":[[[69.6264993335728,42.56644008585705],[69.64368848254665,42.727453889108396],[69.86200449502472,42.714522328732734],[69.84426112504342,42.55358074878008],[69.6264993335728,42.56644008585705]]]}},{"type":"Feature","id":"agro-13-18","properties":{"cell_id":"TKO-13-18","latitude":42.62745,"longitude":69.96208,"area_km2":324.0,"coverage_pct":100.0,"sample_count":1936,"active_vegetation_pct":37.1,"surface_water_pct":0.0,"ndvi":0.162,"ndwi":-0.305,"ndre":0.089,"ndmi":-0.102,"ndbi":0.102,"bsi":0.168,"soy":61,"rice":23,"cotton":57,"vegetables":52,"solar":47,"industrial_land":46,"best_crop":"soy","confidence":95,"period":"2025_summer","power_km":8.0,"rail_km":8.0,"water_km":4.7},"geometry":{"type":"Polygon","coordinates":[[[69.84426112504342,42.55358074878008],[69.86200449502472,42.714522328732734],[70.08017423525246,42.70117814121588],[70.06187804106355,42.54031105808273],[69.84426112504342,42.55358074878008]]]}},{"type":"Feature","id":"agro-13-19","properties":{"cell_id":"TKO-13-19","latitude":42.61394,"longitude":70.1799,"area_km2":324.0,"coverage_pct":100.0,"sample_count":1936,"active_vegetation_pct":59.0,"surface_water_pct":0.0,"ndvi":0.195,"ndwi":-0.332,"ndre":0.115,"ndmi":-0.081,"ndbi":0.081,"bsi":0.15,"soy":87,"rice":31,"cotton":77,"vegetables":70,"solar":26,"industrial_land":28,"best_crop":"soy","confidence":95,"period":"2025_summer","power_km":5.5,"rail_km":9.2,"water_km":5.7},"geometry":{"type":"Polygon","coordinates":[[[70.06187804106355,42.54031105808273],[70.08017423525246,42.70117814121588],[70.29819323459672,42.687422113283766],[70.27934565414387,42.526631793208615],[70.06187804106355,42.54031105808273]]]}},{"type":"Feature","id":"agro-13-20","properties":{"cell_id":"TKO-13-20","latitude":42.59577,"longitude":70.39151,"area_km2":302.2,"coverage_pct":93.3,"sample_count":1805,"active_vegetation_pct":74.2,"surface_water_pct":0.0,"ndvi":0.214,"ndwi":-0.351,"ndre":0.134,"ndmi":-0.083,"ndbi":0.083,"bsi":0.15,"soy":91,"rice":32,"cotton":81,"vegetables":73,"solar":25,"industrial_land":28,"best_crop":"soy","confidence":92,"period":"2025_summer","power_km":4.6,"rail_km":11.2,"water_km":7.2},"geometry":{"type":"Polygon","coordinates":[[[70.49665955640332,42.51254375664183],[70.27934565414387,42.526631793208615],[70.29819323459672,42.687422113283766],[70.43557882138803,42.67853734213605],[70.44364929200003,42.65462494000019],[70.50274658200016,42.63839721700015],[70.50809837507238,42.6074767687851],[70.49665955640332,42.51254375664183]]]}},{"type":"Feature","id":"agro-13-21","properties":{"cell_id":"TKO-13-21","latitude":42.54077,"longitude":70.55887,"area_km2":76.8,"coverage_pct":23.7,"sample_count":1009,"active_vegetation_pct":48.0,"surface_water_pct":0.0,"ndvi":0.179,"ndwi":-0.321,"ndre":0.106,"ndmi":-0.133,"ndbi":0.133,"bsi":0.187,"soy":57,"rice":18,"cotton":53,"vegetables":47,"solar":61,"industrial_land":64,"best_crop":"soy","confidence":76,"period":"2025_summer","power_km":2.4,"rail_km":3.6,"water_km":4.1},"geometry":{"type":"Polygon","coordinates":[[[70.49665955640332,42.51254375664183],[70.50809837507238,42.6074767687851],[70.50846099900019,42.60538101200018],[70.54105377200011,42.59915161200008],[70.55364227400008,42.57392883300008],[70.58216095000017,42.54370498700007],[70.63674163800016,42.536190033000025],[70.66371525599992,42.50142926488658],[70.49665955640332,42.51254375664183]]]}},{"type":"Feature","id":"agro-14-5","properties":{"cell_id":"TKO-14-05","latitude":42.87093,"longitude":67.19163,"area_km2":48.9,"coverage_pct":15.1,"sample_count":946,"active_vegetation_pct":0.0,"surface_water_pct":0.0,"ndvi":0.068,"ndwi":-0.182,"ndre":0.034,"ndmi":-0.125,"ndbi":0.125,"bsi":0.175,"soy":18,"rice":18,"cotton":27,"vegetables":34,"solar":66,"industrial_land":60,"best_crop":"vegetables","confidence":75,"period":"2025_summer","power_km":82.3,"rail_km":86.5,"water_km":48.2},"geometry":{"type":"Polygon","coordinates":[[[67.23385468711456,42.84226632001472],[67.10166135858896,42.84708659003608],[67.23941484713316,42.92337838586418],[67.23385468711456,42.84226632001472]]]}},{"type":"Feature","id":"agro-14-6","properties":{"cell_id":"TKO-14-06","latitude":42.90174,"longitude":67.35893,"area_km2":249.4,"coverage_pct":77.0,"sample_count":1507,"active_vegetation_pct":0.0,"surface_water_pct":0.0,"ndvi":0.069,"ndwi":-0.182,"ndre":0.035,"ndmi":-0.118,"ndbi":0.118,"bsi":0.171,"soy":21,"rice":20,"cotton":30,"vegetables":36,"solar":62,"industrial_land":56,"best_crop":"vegetables","confidence":86,"period":"2025_summer","power_km":76.3,"rail_km":75.6,"water_km":35.9},"geometry":{"type":"Polygon","coordinates":[[[67.45347962310906,42.833918804279044],[67.23385468711456,42.84226632001472],[67.23941484713316,42.92337838586418],[67.27195,42.941345000000005],[67.46502578051758,42.99374037153344],[67.45347962310906,42.833918804279044]]]}},{"type":"Feature","id":"agro-14-7","properties":{"cell_id":"TKO-14-07","latitude":42.91037,"longitude":67.56924,"area_km2":324.0,"coverage_pct":100.0,"sample_count":1936,"active_vegetation_pct":0.0,"surface_water_pct":0.0,"ndvi":0.074,"ndwi":-0.186,"ndre":0.04,"ndmi":-0.124,"ndbi":0.124,"bsi":0.172,"soy":18,"rice":18,"cotton":28,"vegetables":35,"solar":64,"industrial_land":59,"best_crop":"vegetables","confidence":95,"period":"2025_summer","power_km":63.0,"rail_km":62.2,"water_km":21.8},"geometry":{"type":"Polygon","coordinates":[[[67.68525445555154,42.98670460508759],[67.67300859666757,42.82515157806693],[67.45347962310906,42.833918804279044],[67.46502578051758,42.99374037153344],[67.4707800428191,42.99530119440303],[67.68525445555154,42.98670460508759]]]}},{"type":"Feature","id":"agro-14-8","properties":{"cell_id":"TKO-14-08","latitude":42.90138,"longitude":67.78899,"area_km2":324.0,"coverage_pct":100.0,"sample_count":1936,"active_vegetation_pct":3.8,"surface_water_pct":0.0,"ndvi":0.078,"ndwi":-0.186,"ndre":0.042,"ndmi":-0.129,"ndbi":0.129,"bsi":0.169,"soy":17,"rice":18,"cotton":26,"vegetables":34,"solar":63,"industrial_land":60,"best_crop":"vegetables","confidence":95,"period":"2025_summer","power_km":46.9,"rail_km":45.2,"water_km":12.5},"geometry":{"type":"Polygon","coordinates":[[[67.67300859666757,42.82515157806693],[67.68525445555154,42.98670460508759],[67.9052523441574,42.977466457313994],[67.89243695732077,42.81596516421642],[67.67300859666757,42.82515157806693]]]}},{"type":"Feature","id":"agro-14-9","properties":{"cell_id":"TKO-14-09","latitude":42.89195,"longitude":68.00865,"area_km2":324.0,"coverage_pct":100.0,"sample_count":1936,"active_vegetation_pct":35.4,"surface_water_pct":0.1,"ndvi":0.13,"ndwi":-0.216,"ndre":0.077,"ndmi":-0.087,"ndbi":0.087,"bsi":0.133,"soy":57,"rice":32,"cotton":59,"vegetables":64,"solar":25,"industrial_land":24,"best_crop":"vegetables","confidence":95,"period":"2025_summer","power_km":30.9,"rail_km":29.1,"water_km":6.8},"geometry":{"type":"Polygon","coordinates":[[[67.89243695732077,42.81596516421642],[67.9052523441574,42.977466457313994],[68.12514395557848,42.967807328111206],[68.11176006818746,42.80636011010138],[67.89243695732077,42.81596516421642]]]}},{"type":"Feature","id":"agro-14-10","properties":{"cell_id":"TKO-14-10","latitude":42.88211,"longitude":68.2282,"area_km2":324.0,"coverage_pct":100.0,"sample_count":1936,"active_vegetation_pct":57.3,"surface_water_pct":0.8,"ndvi":0.214,"ndwi":-0.282,"ndre":0.137,"ndmi":-0.046,"ndbi":0.046,"bsi":0.098,"soy":100,"rice":47,"cotton":92,"vegetables":87,"solar":7,"industrial_land":8,"best_crop":"soy","confidence":95,"period":"2025_summer","power_km":13.4,"rail_km":13.2,"water_km":4.5},"geometry":{"type":"Polygon","coordinates":[[[68.11176006818746,42.80636011010138],[68.12514395557848,42.967807328111206],[68.34492462283231,42.95772779469494],[68.33097330657874,42.796336987534474],[68.11176006818746,42.80636011010138]]]}},{"type":"Feature","id":"agro-14-11","properties":{"cell_id":"TKO-14-11","latitude":42.87185,"longitude":68.44764,"area_km2":324.0,"coverage_pct":100.0,"sample_count":1936,"active_vegetation_pct":22.1,"surface_water_pct":0.0,"ndvi":0.107,"ndwi":-0.207,"ndre":0.062,"ndmi":-0.092,"ndbi":0.092,"bsi":0.137,"soy":44,"rice":29,"cotton":48,"vegetables":55,"solar":33,"industrial_land":30,"best_crop":"vegetables","confidence":95,"period":"2025_summer","power_km":1.2,"rail_km":2.7,"water_km":6.3},"geometry":{"type":"Polygon","coordinates":[[[68.33097330657874,42.796336987534474],[68.34492462283231,42.95772779469494],[68.56458969397941,42.94722845884389],[68.55007206459733,42.78589639266615],[68.33097330657874,42.796336987534474]]]}},{"type":"Feature","id":"agro-14-12","properties":{"cell_id":"TKO-14-12","latitude":42.86117,"longitude":68.66696,"area_km2":324.0,"coverage_pct":100.0,"sample_count":1936,"active_vegetation_pct":31.5,"surface_water_pct":0.0,"ndvi":0.128,"ndwi":-0.239,"ndre":0.076,"ndmi":-0.078,"ndbi":0.078,"bsi":0.143,"soy":58,"rice":31,"cotton":59,"vegetables":61,"solar":31,"industrial_land":27,"best_crop":"vegetables","confidence":95,"period":"2025_summer","power_km":18.8,"rail_km":17.9,"water_km":2.7},"geometry":{"type":"Polygon","coordinates":[[[68.55007206459733,42.78589639266615],[68.56458969397941,42.94722845884389],[68.78413453272715,42.936309946792974],[68.76905174973196,42.77503894587934],[68.55007206459733,42.78589639266615]]]}},{"type":"Feature","id":"agro-14-13","properties":{"cell_id":"TKO-14-13","latitude":42.85008,"longitude":68.88616,"area_km2":324.0,"coverage_pct":100.0,"sample_count":1936,"active_vegetation_pct":73.7,"surface_water_pct":0.0,"ndvi":0.33,"ndwi":-0.402,"ndre":0.214,"ndmi":0.06,"ndbi":-0.06,"bsi":0.035,"soy":100,"rice":36,"cotton":87,"vegetables":80,"solar":10,"industrial_land":13,"best_crop":"soy","confidence":95,"period":"2025_summer","power_km":16.9,"rail_km":32.7,"water_km":9.2},"geometry":{"type":"Polygon","coordinates":[[[68.76905174973196,42.77503894587934],[68.78413453272715,42.936309946792974],[69.0035545190287,42.924972909122275],[68.98790778544634,42.76376529168015],[68.76905174973196,42.77503894587934]]]}},{"type":"Feature","id":"agro-14-14","properties":{"cell_id":"TKO-14-14","latitude":42.83856,"longitude":69.10524,"area_km2":324.0,"coverage_pct":100.0,"sample_count":1936,"active_vegetation_pct":44.8,"surface_water_pct":0.0,"ndvi":0.163,"ndwi":-0.301,"ndre":0.101,"ndmi":-0.097,"ndbi":0.097,"bsi":0.162,"soy":66,"rice":26,"cotton":61,"vegetables":57,"solar":42,"industrial_land":42,"best_crop":"soy","confidence":95,"period":"2025_summer","power_km":3.8,"rail_km":46.6,"water_km":7.2},"geometry":{"type":"Polygon","coordinates":[[[68.98790778544634,42.76376529168015],[69.0035545190287,42.924972909122275],[69.22284504967595,42.913218020642034],[69.20663561176278,42.75207609858451],[68.98790778544634,42.76376529168015]]]}},{"type":"Feature","id":"agro-14-15","properties":{"cell_id":"TKO-14-15","latitude":42.82663,"longitude":69.32418,"area_km2":324.0,"coverage_pct":100.0,"sample_count":1936,"active_vegetation_pct":21.4,"surface_water_pct":0.0,"ndvi":0.142,"ndwi":-0.288,"ndre":0.082,"ndmi":-0.118,"ndbi":0.118,"bsi":0.177,"soy":46,"rice":19,"cotton":45,"vegetables":43,"solar":59,"industrial_land":58,"best_crop":"soy","confidence":95,"period":"2025_summer","power_km":9.4,"rail_km":49.7,"water_km":0.2},"geometry":{"type":"Polygon","coordinates":[[[69.20663561176278,42.75207609858451],[69.22284504967595,42.913218020642034],[69.44200153888715,42.90104598027355],[69.42523068584029,42.73997205900076],[69.20663561176278,42.75207609858451]]]}},{"type":"Feature","id":"agro-14-16","properties":{"cell_id":"TKO-14-16","latitude":42.81429,"longitude":69.54299,"area_km2":324.0,"coverage_pct":100.0,"sample_count":1936,"active_vegetation_pct":13.6,"surface_water_pct":0.0,"ndvi":0.127,"ndwi":-0.275,"ndre":0.063,"ndmi":-0.108,"ndbi":0.108,"bsi":0.172,"soy":41,"rice":20,"cotton":42,"vegetables":41,"solar":57,"industrial_land":53,"best_crop":"cotton","confidence":95,"period":"2025_summer","power_km":10.3,"rail_km":41.7,"water_km":5.1},"geometry":{"type":"Polygon","coordinates":[[[69.42523068584029,42.73997205900076],[69.44200153888715,42.90104598027355],[69.66101941888817,42.88845751092596],[69.64368848254665,42.727453889108396],[69.42523068584029,42.73997205900076]]]}},{"type":"Feature","id":"agro-14-17","properties":{"cell_id":"TKO-14-17","latitude":42.80152,"longitude":69.76165,"area_km2":324.0,"coverage_pct":100.0,"sample_count":1936,"active_vegetation_pct":24.9,"surface_water_pct":0.0,"ndvi":0.153,"ndwi":-0.294,"ndre":0.084,"ndmi":-0.099,"ndbi":0.099,"bsi":0.165,"soy":58,"rice":24,"cotton":55,"vegetables":52,"solar":46,"industrial_land":44,"best_crop":"soy","confidence":95,"period":"2025_summer","power_km":3.8,"rail_km":31.0,"water_km":3.3},"geometry":{"type":"Polygon","coordinates":[[[69.64368848254665,42.727453889108396],[69.66101941888817,42.88845751092596],[69.87989414048799,42.87545335936919],[69.86200449502472,42.714522328732734],[69.64368848254665,42.727453889108396]]]}},{"type":"Feature","id":"agro-14-18","properties":{"cell_id":"TKO-14-18","latitude":42.78835,"longitude":69.98017,"area_km2":324.0,"coverage_pct":100.0,"sample_count":1936,"active_vegetation_pct":57.3,"surface_water_pct":0.0,"ndvi":0.19,"ndwi":-0.328,"ndre":0.111,"ndmi":-0.12,"ndbi":0.12,"bsi":0.171,"soy":69,"rice":22,"cotton":61,"vegetables":55,"solar":47,"industrial_land":52,"best_crop":"soy","confidence":95,"period":"2025_summer","power_km":20.0,"rail_km":25.9,"water_km":1.1},"geometry":{"type":"Polygon","coordinates":[[[69.86200449502472,42.714522328732734],[69.87989414048799,42.87545335936919],[70.09862117364769,42.8620342961029],[70.08017423525246,42.70117814121588],[69.86200449502472,42.714522328732734]]]}},{"type":"Feature","id":"agro-14-19","properties":{"cell_id":"TKO-14-19","latitude":42.77147,"longitude":70.18009,"area_km2":267.5,"coverage_pct":82.6,"sample_count":1596,"active_vegetation_pct":71.1,"surface_water_pct":0.0,"ndvi":0.216,"ndwi":-0.358,"ndre":0.131,"ndmi":-0.097,"ndbi":0.097,"bsi":0.157,"soy":86,"rice":29,"cotton":76,"vegetables":68,"solar":32,"industrial_land":36,"best_crop":"soy","confidence":88,"period":"2025_summer","power_km":22.9,"rail_km":25.8,"water_km":2.8},"geometry":{"type":"Polygon","coordinates":[[[70.29819323459672,42.687422113283766],[70.08017423525246,42.70117814121588],[70.09862117364769,42.8620342961029],[70.25610992362172,42.85210977727907],[70.25870513899997,42.79848098800006],[70.27841186500018,42.780689239000125],[70.25370788700008,42.73299789500009],[70.30100940953889,42.711333396663896],[70.29819323459672,42.687422113283766]]]}},{"type":"Feature","id":"agro-15-7","properties":{"cell_id":"TKO-15-07","latitude":43.01678,"longitude":67.61882,"area_km2":76.6,"coverage_pct":23.6,"sample_count":910,"active_vegetation_pct":0.0,"surface_water_pct":0.0,"ndvi":0.084,"ndwi":-0.191,"ndre":0.046,"ndmi":-0.131,"ndbi":0.131,"bsi":0.17,"soy":16,"rice":17,"cotton":25,"vegetables":33,"solar":64,"industrial_land":61,"best_crop":"vegetables","confidence":74,"period":"2025_summer","power_km":54.3,"rail_km":52.7,"water_km":11.7},"geometry":{"type":"Polygon","coordinates":[[[67.68525445555154,42.98670460508759],[67.4707800428191,42.99530119440303],[67.539459,43.01390099999998],[67.69159761732087,43.06986191663318],[67.68525445555154,42.98670460508759]]]}},{"type":"Feature","id":"agro-15-8","properties":{"cell_id":"TKO-15-08","latitude":43.04825,"longitude":67.81288,"area_km2":257.4,"coverage_pct":79.5,"sample_count":1540,"active_vegetation_pct":57.3,"surface_water_pct":0.3,"ndvi":0.211,"ndwi":-0.279,"ndre":0.136,"ndmi":-0.045,"ndbi":0.045,"bsi":0.095,"soy":100,"rice":42,"cotton":92,"vegetables":87,"solar":6,"industrial_land":8,"best_crop":"soy","confidence":87,"period":"2025_summer","power_km":38.9,"rail_km":38.9,"water_km":0.1},"geometry":{"type":"Polygon","coordinates":[[[67.91817401058458,43.1389600696685],[67.9052523441574,42.977466457313994],[67.68525445555154,42.98670460508759],[67.69159761732087,43.06986191663318],[67.88191519530255,43.14051663413307],[67.91817401058458,43.1389600696685]]]}},{"type":"Feature","id":"agro-15-9","properties":{"cell_id":"TKO-15-09","latitude":43.05342,"longitude":68.0218,"area_km2":324.0,"coverage_pct":100.0,"sample_count":1936,"active_vegetation_pct":45.0,"surface_water_pct":0.5,"ndvi":0.166,"ndwi":-0.243,"ndre":0.103,"ndmi":-0.068,"ndbi":0.068,"bsi":0.111,"soy":82,"rice":42,"cotton":79,"vegetables":79,"solar":12,"industrial_land":11,"best_crop":"soy","confidence":95,"period":"2025_summer","power_km":22.8,"rail_km":22.5,"water_km":4.5},"geometry":{"type":"Polygon","coordinates":[[[67.9052523441574,42.977466457313994],[67.91817401058458,43.1389600696685],[68.13863878964399,43.129246585666785],[68.12514395557848,42.967807328111206],[67.9052523441574,42.977466457313994]]]}},{"type":"Feature","id":"agro-15-10","properties":{"cell_id":"TKO-15-10","latitude":43.04353,"longitude":68.24192,"area_km2":324.0,"coverage_pct":100.0,"sample_count":1936,"active_vegetation_pct":19.0,"surface_water_pct":0.4,"ndvi":0.096,"ndwi":-0.182,"ndre":0.055,"ndmi":-0.094,"ndbi":0.094,"bsi":0.138,"soy":38,"rice":30,"cotton":43,"vegetables":50,"solar":36,"industrial_land":33,"best_crop":"vegetables","confidence":95,"period":"2025_summer","power_km":6.8,"rail_km":5.4,"water_km":9.6},"geometry":{"type":"Polygon","coordinates":[[[68.12514395557848,42.967807328111206],[68.13863878964399,43.129246585666785],[68.35899153780063,43.11911034991465],[68.34492462283231,42.95772779469494],[68.12514395557848,42.967807328111206]]]}},{"type":"Feature","id":"agro-15-11","properties":{"cell_id":"TKO-15-11","latitude":43.03321,"longitude":68.46193,"area_km2":324.0,"coverage_pct":100.0,"sample_count":1936,"active_vegetation_pct":36.4,"surface_water_pct":3.6,"ndvi":0.132,"ndwi":-0.213,"ndre":0.072,"ndmi":-0.064,"ndbi":0.064,"bsi":0.119,"soy":65,"rice":67,"cotton":67,"vegetables":71,"solar":18,"industrial_land":13,"best_crop":"vegetables","confidence":95,"period":"2025_summer","power_km":9.2,"rail_km":11.0,"water_km":7.0},"geometry":{"type":"Polygon","coordinates":[[[68.34492462283231,42.95772779469494],[68.35899153780063,43.11911034991465],[68.57922755846857,43.10855196988692],[68.56458969397941,42.94722845884389],[68.34492462283231,42.95772779469494]]]}},{"type":"Feature","id":"agro-15-12","properties":{"cell_id":"TKO-15-12","latitude":43.02247,"longitude":68.68182,"area_km2":324.0,"coverage_pct":100.0,"sample_count":1936,"active_vegetation_pct":50.1,"surface_water_pct":0.1,"ndvi":0.18,"ndwi":-0.296,"ndre":0.111,"ndmi":-0.051,"ndbi":0.051,"bsi":0.126,"soy":89,"rice":36,"cotton":80,"vegetables":76,"solar":12,"industrial_land":13,"best_crop":"soy","confidence":95,"period":"2025_summer","power_km":17.8,"rail_km":26.8,"water_km":9.5},"geometry":{"type":"Polygon","coordinates":[[[68.56458969397941,42.94722845884389],[68.57922755846857,43.10855196988692],[68.79934217097521,43.097572077740836],[68.78413453272715,42.936309946792974],[68.56458969397941,42.94722845884389]]]}},{"type":"Feature","id":"agro-15-13","properties":{"cell_id":"TKO-15-13","latitude":43.01131,"longitude":68.90159,"area_km2":324.0,"coverage_pct":100.0,"sample_count":1936,"active_vegetation_pct":55.9,"surface_water_pct":0.0,"ndvi":0.216,"ndwi":-0.333,"ndre":0.138,"ndmi":-0.039,"ndbi":0.039,"bsi":0.12,"soy":100,"rice":36,"cotton":87,"vegetables":80,"solar":10,"industrial_land":13,"best_crop":"soy","confidence":95,"period":"2025_summer","power_km":4.7,"rail_km":42.6,"water_km":2.1},"geometry":{"type":"Polygon","coordinates":[[[68.78413453272715,42.936309946792974],[68.79934217097521,43.097572077740836],[69.01933071116984,43.0861713302035],[69.0035545190287,42.924972909122275],[68.78413453272715,42.936309946792974]]]}},{"type":"Feature","id":"agro-15-14","properties":{"cell_id":"TKO-15-14","latitude":42.99973,"longitude":69.12123,"area_km2":324.0,"coverage_pct":100.0,"sample_count":1936,"active_vegetation_pct":12.2,"surface_water_pct":0.0,"ndvi":0.126,"ndwi":-0.274,"ndre":0.074,"ndmi":-0.132,"ndbi":0.132,"bsi":0.191,"soy":32,"rice":15,"cotton":35,"vegetables":34,"solar":73,"industrial_land":70,"best_crop":"cotton","confidence":95,"period":"2025_summer","power_km":8.4,"rail_km":57.5,"water_km":10.7},"geometry":{"type":"Polygon","coordinates":[[[69.0035545190287,42.924972909122275],[69.01933071116984,43.0861713302035],[69.23918853202663,43.07435040845502],[69.22284504967595,42.913218020642034],[69.0035545190287,42.924972909122275]]]}},{"type":"Feature","id":"agro-15-15","properties":{"cell_id":"TKO-15-15","latitude":42.98773,"longitude":69.34074,"area_km2":324.0,"coverage_pct":100.0,"sample_count":1936,"active_vegetation_pct":12.9,"surface_water_pct":0.0,"ndvi":0.137,"ndwi":-0.286,"ndre":0.081,"ndmi":-0.125,"ndbi":0.125,"bsi":0.183,"soy":41,"rice":17,"cotton":41,"vegetables":39,"solar":65,"industrial_land":63,"best_crop":"soy","confidence":95,"period":"2025_summer","power_km":21.6,"rail_km":62.5,"water_km":11.8},"geometry":{"type":"Polygon","coordinates":[[[69.22284504967595,42.913218020642034],[69.23918853202663,43.07435040845502],[69.45891100424151,43.062110018007594],[69.44200153888715,42.90104598027355],[69.22284504967595,42.913218020642034]]]}},{"type":"Feature","id":"agro-15-16","properties":{"cell_id":"TKO-15-16","latitude":42.97532,"longitude":69.56011,"area_km2":324.0,"coverage_pct":100.0,"sample_count":1936,"active_vegetation_pct":15.3,"surface_water_pct":0.0,"ndvi":0.137,"ndwi":-0.286,"ndre":0.071,"ndmi":-0.109,"ndbi":0.109,"bsi":0.172,"soy":46,"rice":20,"cotton":45,"vegetables":43,"solar":55,"industrial_land":53,"best_crop":"soy","confidence":95,"period":"2025_summer","power_km":21.6,"rail_km":55.6,"water_km":8.1},"geometry":{"type":"Polygon","coordinates":[[[69.44200153888715,42.90104598027355],[69.45891100424151,43.062110018007594],[69.6784935168231,43.049450888580544],[69.66101941888817,42.88845751092596],[69.44200153888715,42.90104598027355]]]}},{"type":"Feature","id":"agro-15-17","properties":{"cell_id":"TKO-15-17","latitude":42.96249,"longitude":69.77933,"area_km2":324.0,"coverage_pct":100.0,"sample_count":1936,"active_vegetation_pct":28.6,"surface_water_pct":0.0,"ndvi":0.159,"ndwi":-0.304,"ndre":0.09,"ndmi":-0.101,"ndbi":0.101,"bsi":0.165,"soy":61,"rice":23,"cotton":56,"vegetables":52,"solar":46,"industrial_land":45,"best_crop":"soy","confidence":95,"period":"2025_summer","power_km":14.5,"rail_km":47.6,"water_km":2.6},"geometry":{"type":"Polygon","coordinates":[[[69.66101941888817,42.88845751092596],[69.6784935168231,43.049450888580544],[69.89793147767739,43.03637377397132],[69.87989414048799,42.87545335936919],[69.66101941888817,42.88845751092596]]]}},{"type":"Feature","id":"agro-15-18","properties":{"cell_id":"TKO-15-18","latitude":42.94924,"longitude":69.99842,"area_km2":324.0,"coverage_pct":100.0,"sample_count":1936,"active_vegetation_pct":50.1,"surface_water_pct":0.0,"ndvi":0.18,"ndwi":-0.323,"ndre":0.107,"ndmi":-0.111,"ndbi":0.111,"bsi":0.167,"soy":68,"rice":23,"cotton":61,"vegetables":55,"solar":45,"industrial_land":48,"best_crop":"soy","confidence":95,"period":"2025_summer","power_km":24.3,"rail_km":43.2,"water_km":2.2},"geometry":{"type":"Polygon","coordinates":[[[69.87989414048799,42.87545335936919],[69.89793147767739,43.03637377397132],[70.11722031418593,43.02287945192247],[70.09862117364769,42.8620342961029],[69.87989414048799,42.87545335936919]]]}},{"type":"Feature","id":"agro-15-19","properties":{"cell_id":"TKO-15-19","latitude":42.93165,"longitude":70.18026,"area_km2":210.9,"coverage_pct":65.1,"sample_count":1710,"active_vegetation_pct":36.6,"surface_water_pct":0.0,"ndvi":0.167,"ndwi":-0.314,"ndre":0.098,"ndmi":-0.134,"ndbi":0.134,"bsi":0.182,"soy":52,"rice":17,"cotton":48,"vegetables":43,"solar":61,"industrial_land":64,"best_crop":"soy","confidence":90,"period":"2025_summer","power_km":29.2,"rail_km":32.9,"water_km":3.3},"geometry":{"type":"Polygon","coordinates":[[[70.09862117364769,42.8620342961029],[70.11722031418593,43.02287945192247],[70.20059594390656,43.01763694951158],[70.197036744,43.01297378600003],[70.22810363700006,42.994346619000055],[70.26045227000003,42.98388290400003],[70.23472595200008,42.965000153000055],[70.26869201600005,42.92967224100016],[70.25610992362172,42.85210977727907],[70.09862117364769,42.8620342961029]]]}},{"type":"Feature","id":"agro-16-8","properties":{"cell_id":"TKO-16-08","latitude":43.26119,"longitude":67.86627,"area_km2":63.8,"coverage_pct":19.7,"sample_count":437,"active_vegetation_pct":29.1,"surface_water_pct":0.0,"ndvi":0.13,"ndwi":-0.227,"ndre":0.081,"ndmi":-0.091,"ndbi":0.091,"bsi":0.136,"soy":57,"rice":30,"cotton":57,"vegetables":61,"solar":28,"industrial_land":28,"best_crop":"vegetables","confidence":64,"period":"2025_summer","power_km":21.0,"rail_km":18.9,"water_km":2.7},"geometry":{"type":"MultiPolygon","coordinates":[[[[67.91817401058458,43.1389600696685],[67.88191519530255,43.14051663413307],[67.91972395698073,43.15824124442711],[67.91817401058458,43.1389600696685]]],[[[67.93120299847608,43.300445965886006],[67.92348237870512,43.204916234715235],[67.90242767300015,43.200828552000075],[67.86396789500014,43.26872253400011],[67.8753311337142,43.30284688739804],[67.93120299847608,43.300445965886006]]],[[[67.78865275699465,43.30651724149468],[67.79555511500018,43.279609681000075],[67.75273895300012,43.260395050000184],[67.73781020538011,43.30863937674619],[67.78865275699465,43.30651724149468]]]]}},{"type":"Feature","id":"agro-16-9","properties":{"cell_id":"TKO-16-09","latitude":43.21633,"longitude":68.0402,"area_km2":306.5,"coverage_pct":94.6,"sample_count":1830,"active_vegetation_pct":20.7,"surface_water_pct":0.0,"ndvi":0.119,"ndwi":-0.218,"ndre":0.071,"ndmi":-0.088,"ndbi":0.088,"bsi":0.136,"soy":52,"rice":30,"cotton":54,"vegetables":59,"solar":29,"industrial_land":27,"best_crop":"vegetables","confidence":93,"period":"2025_summer","power_km":14.3,"rail_km":12.8,"water_km":2.3},"geometry":{"type":"Polygon","coordinates":[[[67.93120299847608,43.300445965886006],[68.15224565716228,43.290677844306074],[68.13863878964399,43.129246585666785],[67.91817401058458,43.1389600696685],[67.91972395698073,43.15824124442711],[67.96965789800004,43.1816139220001],[67.97360992500012,43.21463012600003],[67.92348237870512,43.204916234715235],[67.93120299847608,43.300445965886006]]]}},{"type":"Feature","id":"agro-16-10","properties":{"cell_id":"TKO-16-10","latitude":43.20493,"longitude":68.25576,"area_km2":324.0,"coverage_pct":100.0,"sample_count":1936,"active_vegetation_pct":34.1,"surface_water_pct":0.6,"ndvi":0.147,"ndwi":-0.248,"ndre":0.087,"ndmi":-0.077,"ndbi":0.077,"bsi":0.134,"soy":69,"rice":38,"cotton":66,"vegetables":68,"solar":22,"industrial_land":20,"best_crop":"soy","confidence":95,"period":"2025_summer","power_km":5.1,"rail_km":0.0,"water_km":7.6},"geometry":{"type":"Polygon","coordinates":[[[68.13863878964399,43.129246585666785],[68.15224565716228,43.290677844306074],[68.37317518291005,43.28048461153753],[68.35899153780063,43.11911034991465],[68.13863878964399,43.129246585666785]]]}},{"type":"Feature","id":"agro-16-11","properties":{"cell_id":"TKO-16-11","latitude":43.19456,"longitude":68.47635,"area_km2":324.0,"coverage_pct":100.0,"sample_count":1936,"active_vegetation_pct":63.8,"surface_water_pct":0.1,"ndvi":0.235,"ndwi":-0.329,"ndre":0.144,"ndmi":0.0,"ndbi":-0.0,"bsi":0.085,"soy":100,"rice":37,"cotton":87,"vegetables":80,"solar":10,"industrial_land":13,"best_crop":"soy","confidence":95,"period":"2025_summer","power_km":2.9,"rail_km":17.1,"water_km":5.4},"geometry":{"type":"Polygon","coordinates":[[[68.35899153780063,43.11911034991465],[68.37317518291005,43.28048461153753],[68.59398683387288,43.269866880820246],[68.57922755846857,43.10855196988692],[68.35899153780063,43.11911034991465]]]}},{"type":"Feature","id":"agro-16-12","properties":{"cell_id":"TKO-16-12","latitude":43.18376,"longitude":68.69681,"area_km2":324.0,"coverage_pct":100.0,"sample_count":1936,"active_vegetation_pct":20.3,"surface_water_pct":0.0,"ndvi":0.114,"ndwi":-0.253,"ndre":0.066,"ndmi":-0.122,"ndbi":0.122,"bsi":0.183,"soy":31,"rice":18,"cotton":36,"vegetables":37,"solar":67,"industrial_land":63,"best_crop":"vegetables","confidence":95,"period":"2025_summer","power_km":5.6,"rail_km":33.7,"water_km":3.5},"geometry":{"type":"Polygon","coordinates":[[[68.57922755846857,43.10855196988692],[68.59398683387288,43.269866880820246],[68.81467588438953,43.258825290305474],[68.79934217097521,43.097572077740836],[68.57922755846857,43.10855196988692]]]}},{"type":"Feature","id":"agro-16-13","properties":{"cell_id":"TKO-16-13","latitude":43.17254,"longitude":68.91715,"area_km2":324.0,"coverage_pct":100.0,"sample_count":1936,"active_vegetation_pct":6.6,"surface_water_pct":0.0,"ndvi":0.124,"ndwi":-0.263,"ndre":0.073,"ndmi":-0.129,"ndbi":0.129,"bsi":0.188,"soy":33,"rice":17,"cotton":37,"vegetables":37,"solar":70,"industrial_land":67,"best_crop":"cotton","confidence":95,"period":"2025_summer","power_km":7.5,"rail_km":45.8,"water_km":13.4},"geometry":{"type":"Polygon","coordinates":[[[68.79934217097521,43.097572077740836],[68.81467588438953,43.258825290305474],[69.03523762560266,43.24736050294149],[69.01933071116984,43.0861713302035],[68.79934217097521,43.097572077740836]]]}},{"type":"Feature","id":"agro-16-14","properties":{"cell_id":"TKO-16-14","latitude":43.16089,"longitude":69.13736,"area_km2":324.0,"coverage_pct":100.0,"sample_count":1936,"active_vegetation_pct":7.3,"surface_water_pct":0.0,"ndvi":0.139,"ndwi":-0.291,"ndre":0.083,"ndmi":-0.138,"ndbi":0.138,"bsi":0.195,"soy":36,"rice":14,"cotton":37,"vegetables":34,"solar":74,"industrial_land":73,"best_crop":"cotton","confidence":95,"period":"2025_summer","power_km":20.6,"rail_km":52.5,"water_km":10.7},"geometry":{"type":"Polygon","coordinates":[[[69.01933071116984,43.0861713302035],[69.03523762560266,43.24736050294149],[69.25566736607155,43.235473206355046],[69.23918853202663,43.07435040845502],[69.01933071116984,43.0861713302035]]]}},{"type":"Feature","id":"agro-16-15","properties":{"cell_id":"TKO-16-15","latitude":43.14883,"longitude":69.35743,"area_km2":324.0,"coverage_pct":100.0,"sample_count":1936,"active_vegetation_pct":13.0,"surface_water_pct":0.0,"ndvi":0.151,"ndwi":-0.306,"ndre":0.09,"ndmi":-0.118,"ndbi":0.118,"bsi":0.182,"soy":50,"rice":19,"cotton":48,"vegetables":43,"solar":61,"industrial_land":60,"best_crop":"soy","confidence":95,"period":"2025_summer","power_km":33.7,"rail_km":44.9,"water_km":4.0},"geometry":{"type":"Polygon","coordinates":[[[69.23918853202663,43.07435040845502],[69.25566736607155,43.235473206355046],[69.47596043237891,43.223164112728625],[69.45891100424151,43.062110018007594],[69.23918853202663,43.07435040845502]]]}},{"type":"Feature","id":"agro-16-16","properties":{"cell_id":"TKO-16-16","latitude":43.13634,"longitude":69.57737,"area_km2":324.0,"coverage_pct":100.0,"sample_count":1936,"active_vegetation_pct":12.3,"surface_water_pct":0.3,"ndvi":0.143,"ndwi":-0.292,"ndre":0.078,"ndmi":-0.116,"ndbi":0.116,"bsi":0.179,"soy":46,"rice":20,"cotton":45,"vegetables":42,"solar":60,"industrial_land":58,"best_crop":"soy","confidence":95,"period":"2025_summer","power_km":36.2,"rail_km":43.9,"water_km":1.5},"geometry":{"type":"Polygon","coordinates":[[[69.45891100424151,43.062110018007594],[69.47596043237891,43.223164112728625],[69.69611216973144,43.21043395867354],[69.6784935168231,43.049450888580544],[69.45891100424151,43.062110018007594]]]}},{"type":"Feature","id":"agro-16-17","properties":{"cell_id":"TKO-16-17","latitude":43.12301,"longitude":69.79666,"area_km2":322.1,"coverage_pct":99.4,"sample_count":1925,"active_vegetation_pct":39.5,"surface_water_pct":0.0,"ndvi":0.168,"ndwi":-0.307,"ndre":0.099,"ndmi":-0.113,"ndbi":0.113,"bsi":0.168,"soy":61,"rice":22,"cotton":56,"vegetables":52,"solar":48,"industrial_land":50,"best_crop":"soy","confidence":95,"period":"2025_summer","power_km":32.4,"rail_km":41.1,"water_km":9.8},"geometry":{"type":"Polygon","coordinates":[[[69.91611794255391,43.197283505099065],[69.89793147767739,43.03637377397132],[69.6784935168231,43.049450888580544],[69.69611216973144,43.21043395867354],[69.86178379316144,43.20057110551008],[69.88832092300015,43.186382295000044],[69.89516858030709,43.198554188495],[69.91611794255391,43.197283505099065]]]}},{"type":"Feature","id":"agro-16-18","properties":{"cell_id":"TKO-16-18","latitude":43.10249,"longitude":70.01069,"area_km2":289.2,"coverage_pct":89.3,"sample_count":1718,"active_vegetation_pct":61.9,"surface_water_pct":0.0,"ndvi":0.194,"ndwi":-0.335,"ndre":0.116,"ndmi":-0.128,"ndbi":0.128,"bsi":0.177,"soy":68,"rice":21,"cotton":61,"vegetables":54,"solar":51,"industrial_land":56,"best_crop":"soy","confidence":90,"period":"2025_summer","power_km":25.0,"rail_km":30.0,"water_km":3.1},"geometry":{"type":"Polygon","coordinates":[[[70.11722031418593,43.02287945192247],[69.89793147767739,43.03637377397132],[69.91611794255391,43.197283505099065],[69.957467381114,43.19476404029628],[69.96179199300013,43.181571959999985],[70.05213928200016,43.175571441000095],[70.07648468000008,43.14915084800015],[70.11225891100003,43.15913391100003],[70.13112220426676,43.14223729490166],[70.12787465018074,43.11442044416287],[70.1187896720001,43.09260559100005],[70.12482860624144,43.08829326105415],[70.11722031418593,43.02287945192247]]]}},{"type":"Feature","id":"agro-16-19","properties":{"cell_id":"TKO-16-19","latitude":43.0479,"longitude":70.16786,"area_km2":45.5,"coverage_pct":14.0,"sample_count":724,"active_vegetation_pct":30.2,"surface_water_pct":0.0,"ndvi":0.163,"ndwi":-0.31,"ndre":0.095,"ndmi":-0.157,"ndbi":0.157,"bsi":0.201,"soy":40,"rice":11,"cotton":38,"vegetables":34,"solar":77,"industrial_land":81,"best_crop":"soy","confidence":70,"period":"2025_summer","power_km":21.4,"rail_km":25.7,"water_km":9.1},"geometry":{"type":"MultiPolygon","coordinates":[[[[70.13112220426676,43.14223729490166],[70.13719940200014,43.13679122900004],[70.12787465018074,43.11442044416287],[70.13112220426676,43.14223729490166]]],[[[70.11722031418593,43.02287945192247],[70.12482860624144,43.08829326105415],[70.1698532100001,43.056114198000095],[70.20687103200015,43.07423782500012],[70.23300933900005,43.06006240800007],[70.20059594390656,43.01763694951158],[70.11722031418593,43.02287945192247]]]]}},{"type":"Feature","id":"agro-17-8","properties":{"cell_id":"TKO-17-08","latitude":43.37817,"longitude":67.86341,"area_km2":182.5,"coverage_pct":56.3,"sample_count":1138,"active_vegetation_pct":20.3,"surface_water_pct":0.0,"ndvi":0.105,"ndwi":-0.219,"ndre":0.062,"ndmi":-0.087,"ndbi":0.087,"bsi":0.146,"soy":44,"rice":28,"cotton":48,"vegetables":53,"solar":39,"industrial_land":33,"best_crop":"vegetables","confidence":79,"period":"2025_summer","power_km":10.1,"rail_km":8.6,"water_km":7.8},"geometry":{"type":"Polygon","coordinates":[[[67.94434036438724,43.461924110262245],[67.93120299847608,43.300445965886006],[67.8753311337142,43.30284688739804],[67.8817291250001,43.32204055900018],[67.82339477600016,43.320133209999995],[67.83431243800004,43.36544036800013],[67.77939605700004,43.34257125900018],[67.78865275699465,43.30651724149468],[67.73781020538011,43.30863937674619],[67.72278595000012,43.35712432800016],[67.82409667900004,43.378307343000074],[67.84480285700016,43.46067047100018],[67.84346601696623,43.466251860541355],[67.94434036438724,43.461924110262245]]]}},{"type":"Feature","id":"agro-17-9","properties":{"cell_id":"TKO-17-09","latitude":43.37634,"longitude":68.04844,"area_km2":324.0,"coverage_pct":100.0,"sample_count":1936,"active_vegetation_pct":43.2,"surface_water_pct":0.0,"ndvi":0.16,"ndwi":-0.27,"ndre":0.102,"ndmi":-0.064,"ndbi":0.064,"bsi":0.129,"soy":81,"rice":35,"cotton":75,"vegetables":73,"solar":15,"industrial_land":14,"best_crop":"soy","confidence":95,"period":"2025_summer","power_km":4.5,"rail_km":0.0,"water_km":2.9},"geometry":{"type":"Polygon","coordinates":[[[67.93120299847608,43.300445965886006],[67.94434036438724,43.461924110262245],[68.16596566021266,43.4521010652156],[68.15224565716228,43.290677844306074],[67.93120299847608,43.300445965886006]]]}},{"type":"Feature","id":"agro-17-10","properties":{"cell_id":"TKO-17-10","latitude":43.36633,"longitude":68.26972,"area_km2":324.0,"coverage_pct":100.0,"sample_count":1936,"active_vegetation_pct":51.4,"surface_water_pct":0.0,"ndvi":0.187,"ndwi":-0.284,"ndre":0.125,"ndmi":-0.013,"ndbi":0.013,"bsi":0.084,"soy":95,"rice":38,"cotton":86,"vegetables":82,"solar":10,"industrial_land":11,"best_crop":"soy","confidence":95,"period":"2025_summer","power_km":2.4,"rail_km":2.4,"water_km":1.5},"geometry":{"type":"Polygon","coordinates":[[[68.15224565716228,43.290677844306074],[68.16596566021266,43.4521010652156],[68.38747670550207,43.4418505375133],[68.37317518291005,43.28048461153753],[68.15224565716228,43.290677844306074]]]}},{"type":"Feature","id":"agro-17-11","properties":{"cell_id":"TKO-17-11","latitude":43.3559,"longitude":68.49088,"area_km2":324.0,"coverage_pct":100.0,"sample_count":1936,"active_vegetation_pct":20.2,"surface_water_pct":0.1,"ndvi":0.127,"ndwi":-0.268,"ndre":0.083,"ndmi":-0.11,"ndbi":0.11,"bsi":0.171,"soy":45,"rice":22,"cotton":45,"vegetables":45,"solar":56,"industrial_land":53,"best_crop":"soy","confidence":95,"period":"2025_summer","power_km":6.1,"rail_km":9.6,"water_km":5.9},"geometry":{"type":"Polygon","coordinates":[[[68.37317518291005,43.28048461153753],[68.38747670550207,43.4418505375133],[68.60886871252413,43.4311731462304],[68.59398683387288,43.269866880820246],[68.37317518291005,43.28048461153753]]]}},{"type":"Feature","id":"agro-17-12","properties":{"cell_id":"TKO-17-12","latitude":43.34504,"longitude":68.71192,"area_km2":324.0,"coverage_pct":100.0,"sample_count":1936,"active_vegetation_pct":8.4,"surface_water_pct":0.0,"ndvi":0.123,"ndwi":-0.264,"ndre":0.078,"ndmi":-0.117,"ndbi":0.117,"bsi":0.178,"soy":39,"rice":19,"cotton":41,"vegetables":41,"solar":62,"industrial_land":58,"best_crop":"cotton","confidence":95,"period":"2025_summer","power_km":6.6,"rail_km":20.7,"water_km":0.4},"geometry":{"type":"Polygon","coordinates":[[[68.59398683387288,43.269866880820246],[68.60886871252413,43.4311731462304],[68.83013691001034,43.42006953558498],[68.81467588438953,43.258825290305474],[68.59398683387288,43.269866880820246]]]}},{"type":"Feature","id":"agro-17-13","properties":{"cell_id":"TKO-17-13","latitude":43.33375,"longitude":68.93283,"area_km2":324.0,"coverage_pct":100.0,"sample_count":1936,"active_vegetation_pct":1.3,"surface_water_pct":0.0,"ndvi":0.121,"ndwi":-0.264,"ndre":0.075,"ndmi":-0.127,"ndbi":0.127,"bsi":0.185,"soy":33,"rice":17,"cotton":37,"vegetables":37,"solar":69,"industrial_land":65,"best_crop":"cotton","confidence":95,"period":"2025_summer","power_km":12.6,"rail_km":36.1,"water_km":5.5},"geometry":{"type":"Polygon","coordinates":[[[68.81467588438953,43.258825290305474],[68.83013691001034,43.42006953558498],[69.0512765437838,43.40854037482196],[69.03523762560266,43.24736050294149],[68.81467588438953,43.258825290305474]]]}},{"type":"Feature","id":"agro-17-14","properties":{"cell_id":"TKO-17-14","latitude":43.32204,"longitude":69.15362,"area_km2":324.0,"coverage_pct":100.0,"sample_count":1936,"active_vegetation_pct":4.1,"surface_water_pct":0.1,"ndvi":0.129,"ndwi":-0.269,"ndre":0.077,"ndmi":-0.127,"ndbi":0.127,"bsi":0.183,"soy":37,"rice":18,"cotton":39,"vegetables":39,"solar":66,"industrial_land":64,"best_crop":"cotton","confidence":95,"period":"2025_summer","power_km":26.0,"rail_km":38.5,"water_km":12.4},"geometry":{"type":"Polygon","coordinates":[[[69.03523762560266,43.24736050294149],[69.0512765437838,43.40854037482196],[69.27228287738215,43.39658635809281],[69.25566736607155,43.235473206355046],[69.03523762560266,43.24736050294149]]]}},{"type":"Feature","id":"agro-17-15","properties":{"cell_id":"TKO-17-15","latitude":43.30991,"longitude":69.37427,"area_km2":324.0,"coverage_pct":100.0,"sample_count":1936,"active_vegetation_pct":10.4,"surface_water_pct":0.0,"ndvi":0.147,"ndwi":-0.295,"ndre":0.087,"ndmi":-0.122,"ndbi":0.122,"bsi":0.183,"soy":47,"rice":18,"cotton":46,"vegetables":42,"solar":62,"industrial_land":61,"best_crop":"soy","confidence":95,"period":"2025_summer","power_km":29.5,"rail_km":28.0,"water_km":7.2},"geometry":{"type":"Polygon","coordinates":[[[69.25566736607155,43.235473206355046],[69.27228287738215,43.39658635809281],[69.49315119267433,43.384208204330925],[69.47596043237891,43.223164112728625],[69.25566736607155,43.235473206355046]]]}},{"type":"Feature","id":"agro-17-16","properties":{"cell_id":"TKO-17-16","latitude":43.28772,"longitude":69.56998,"area_km2":238.0,"coverage_pct":73.4,"sample_count":1421,"active_vegetation_pct":11.3,"surface_water_pct":0.0,"ndvi":0.149,"ndwi":-0.292,"ndre":0.086,"ndmi":-0.106,"ndbi":0.106,"bsi":0.173,"soy":54,"rice":22,"cotton":52,"vegetables":49,"solar":53,"industrial_land":51,"best_crop":"soy","confidence":84,"period":"2025_summer","power_km":24.3,"rail_km":27.0,"water_km":4.0},"geometry":{"type":"Polygon","coordinates":[[[69.69611216973144,43.21043395867354],[69.47596043237891,43.223164112728625],[69.49315119267433,43.384208204330925],[69.6245988637176,43.376636520834914],[69.60417938300009,43.35339355600008],[69.64711761500007,43.25555419900007],[69.70296858388195,43.27272163251525],[69.69611216973144,43.21043395867354]]]}},{"type":"Feature","id":"agro-17-17","properties":{"cell_id":"TKO-17-17","latitude":43.22416,"longitude":69.77403,"area_km2":47.5,"coverage_pct":14.7,"sample_count":735,"active_vegetation_pct":61.1,"surface_water_pct":0.0,"ndvi":0.195,"ndwi":-0.336,"ndre":0.116,"ndmi":-0.108,"ndbi":0.108,"bsi":0.163,"soy":76,"rice":25,"cotton":68,"vegetables":62,"solar":39,"industrial_land":43,"best_crop":"soy","confidence":70,"period":"2025_summer","power_km":23.0,"rail_km":35.2,"water_km":1.6},"geometry":{"type":"MultiPolygon","coordinates":[[[[69.91611794255391,43.197283505099065],[69.89516858030709,43.198554188495],[69.91975402800011,43.24220657300009],[69.92121143555438,43.24211092488695],[69.91611794255391,43.197283505099065]]],[[[69.69611216973144,43.21043395867354],[69.70296858388195,43.27272163251525],[69.72393798700006,43.27139282300015],[69.71274566700004,43.234874725000054],[69.7826080320001,43.24283218500011],[69.86178379316144,43.20057110551008],[69.69611216973144,43.21043395867354]]]]}},{"type":"Feature","id":"agro-18-8","properties":{"cell_id":"TKO-18-08","latitude":43.51799,"longitude":67.91019,"area_km2":82.8,"coverage_pct":25.6,"sample_count":1002,"active_vegetation_pct":10.0,"surface_water_pct":0.0,"ndvi":0.11,"ndwi":-0.247,"ndre":0.066,"ndmi":-0.132,"ndbi":0.132,"bsi":0.185,"soy":26,"rice":16,"cotton":31,"vegetables":34,"solar":71,"industrial_land":67,"best_crop":"vegetables","confidence":76,"period":"2025_summer","power_km":5.0,"rail_km":6.1,"water_km":13.5},"geometry":{"type":"Polygon","coordinates":[[[67.95758717980648,43.62339446677465],[67.94434036438724,43.461924110262245],[67.84346601696623,43.466251860541355],[67.83675384500015,43.49426269500014],[67.93215179500015,43.5652999880001],[67.93186791395206,43.62450969626748],[67.95758717980648,43.62339446677465]]]}},{"type":"Feature","id":"agro-18-9","properties":{"cell_id":"TKO-18-09","latitude":43.53779,"longitude":68.06192,"area_km2":324.0,"coverage_pct":100.0,"sample_count":1936,"active_vegetation_pct":10.3,"surface_water_pct":0.1,"ndvi":0.115,"ndwi":-0.255,"ndre":0.069,"ndmi":-0.126,"ndbi":0.126,"bsi":0.182,"soy":31,"rice":18,"cotton":35,"vegetables":36,"solar":67,"industrial_land":64,"best_crop":"vegetables","confidence":95,"period":"2025_summer","power_km":13.1,"rail_km":15.2,"water_km":2.6},"geometry":{"type":"Polygon","coordinates":[[[67.94434036438724,43.461924110262245],[67.95758717980648,43.62339446677465],[68.17979991643725,43.61351620922174],[68.16596566021266,43.4521010652156],[67.94434036438724,43.461924110262245]]]}},{"type":"Feature","id":"agro-18-10","properties":{"cell_id":"TKO-18-10","latitude":43.52772,"longitude":68.28378,"area_km2":324.0,"coverage_pct":100.0,"sample_count":1936,"active_vegetation_pct":16.8,"surface_water_pct":0.1,"ndvi":0.13,"ndwi":-0.274,"ndre":0.082,"ndmi":-0.113,"ndbi":0.113,"bsi":0.177,"soy":44,"rice":21,"cotton":45,"vegetables":43,"solar":60,"industrial_land":56,"best_crop":"cotton","confidence":95,"period":"2025_summer","power_km":3.4,"rail_km":15.7,"water_km":4.6},"geometry":{"type":"Polygon","coordinates":[[[68.16596566021266,43.4521010652156],[68.17979991643725,43.61351620922174],[68.40189726910538,43.60320808538806],[68.38747670550207,43.4418505375133],[68.16596566021266,43.4521010652156]]]}},{"type":"Feature","id":"agro-18-11","properties":{"cell_id":"TKO-18-11","latitude":43.51723,"longitude":68.50553,"area_km2":324.0,"coverage_pct":100.0,"sample_count":1936,"active_vegetation_pct":13.0,"surface_water_pct":0.1,"ndvi":0.135,"ndwi":-0.275,"ndre":0.086,"ndmi":-0.108,"ndbi":0.108,"bsi":0.17,"soy":49,"rice":23,"cotton":48,"vegetables":47,"solar":54,"industrial_land":51,"best_crop":"soy","confidence":95,"period":"2025_summer","power_km":1.5,"rail_km":1.1,"water_km":2.9},"geometry":{"type":"Polygon","coordinates":[[[68.38747670550207,43.4418505375133],[68.40189726910538,43.60320808538806],[68.62387440356004,43.59247072025519],[68.60886871252413,43.4311731462304],[68.38747670550207,43.4418505375133]]]}},{"type":"Feature","id":"agro-18-12","properties":{"cell_id":"TKO-18-12","latitude":43.50631,"longitude":68.72715,"area_km2":324.0,"coverage_pct":100.0,"sample_count":1936,"active_vegetation_pct":7.2,"surface_water_pct":0.0,"ndvi":0.14,"ndwi":-0.274,"ndre":0.093,"ndmi":-0.114,"ndbi":0.114,"bsi":0.168,"soy":50,"rice":22,"cotton":49,"vegetables":48,"solar":52,"industrial_land":52,"best_crop":"soy","confidence":95,"period":"2025_summer","power_km":1.8,"rail_km":12.8,"water_km":6.7},"geometry":{"type":"Polygon","coordinates":[[[68.60886871252413,43.4311731462304],[68.62387440356004,43.59247072025519],[68.84572650229651,43.581304764182036],[68.83013691001034,43.42006953558498],[68.60886871252413,43.4311731462304]]]}},{"type":"Feature","id":"agro-18-13","properties":{"cell_id":"TKO-18-13","latitude":43.49496,"longitude":68.94865,"area_km2":324.0,"coverage_pct":100.0,"sample_count":1936,"active_vegetation_pct":10.7,"surface_water_pct":0.0,"ndvi":0.142,"ndwi":-0.273,"ndre":0.091,"ndmi":-0.118,"ndbi":0.118,"bsi":0.169,"soy":49,"rice":21,"cotton":48,"vegetables":48,"solar":53,"industrial_land":53,"best_crop":"soy","confidence":95,"period":"2025_summer","power_km":2.5,"rail_km":30.7,"water_km":4.7},"geometry":{"type":"Polygon","coordinates":[[[68.83013691001034,43.42006953558498],[68.84572650229651,43.581304764182036],[69.06744876519542,43.56971089278691],[69.0512765437838,43.40854037482196],[68.83013691001034,43.42006953558498]]]}},{"type":"Feature","id":"agro-18-14","properties":{"cell_id":"TKO-18-14","latitude":43.48319,"longitude":69.17001,"area_km2":324.0,"coverage_pct":100.0,"sample_count":1936,"active_vegetation_pct":10.0,"surface_water_pct":0.0,"ndvi":0.147,"ndwi":-0.284,"ndre":0.089,"ndmi":-0.124,"ndbi":0.124,"bsi":0.177,"soy":47,"rice":19,"cotton":46,"vegetables":45,"solar":59,"industrial_land":59,"best_crop":"soy","confidence":95,"period":"2025_summer","power_km":15.0,"rail_km":28.8,"water_km":15.4},"geometry":{"type":"Polygon","coordinates":[[[69.0512765437838,43.40854037482196],[69.06744876519542,43.56971089278691],[69.28903641015603,43.55768980682543],[69.27228287738215,43.39658635809281],[69.0512765437838,43.40854037482196]]]}},{"type":"Feature","id":"agro-18-15","properties":{"cell_id":"TKO-18-15","latitude":43.47099,"longitude":69.39124,"area_km2":324.0,"coverage_pct":100.0,"sample_count":1936,"active_vegetation_pct":9.0,"surface_water_pct":0.0,"ndvi":0.141,"ndwi":-0.282,"ndre":0.084,"ndmi":-0.117,"ndbi":0.117,"bsi":0.179,"soy":46,"rice":20,"cotton":46,"vegetables":44,"solar":60,"industrial_land":58,"best_crop":"soy","confidence":95,"period":"2025_summer","power_km":13.9,"rail_km":13.1,"water_km":10.3},"geometry":{"type":"Polygon","coordinates":[[[69.27228287738215,43.39658635809281],[69.28903641015603,43.55768980682543],[69.51048467372308,43.54524223206391],[69.49315119267433,43.384208204330925],[69.27228287738215,43.39658635809281]]]}},{"type":"Feature","id":"agro-18-16","properties":{"cell_id":"TKO-18-16","latitude":43.4704,"longitude":69.55134,"area_km2":123.8,"coverage_pct":38.2,"sample_count":1183,"active_vegetation_pct":6.9,"surface_water_pct":0.0,"ndvi":0.138,"ndwi":-0.272,"ndre":0.082,"ndmi":-0.121,"ndbi":0.121,"bsi":0.177,"soy":44,"rice":20,"cotton":45,"vegetables":44,"solar":59,"industrial_land":58,"best_crop":"cotton","confidence":79,"period":"2025_summer","power_km":6.7,"rail_km":6.7,"water_km":2.0},"geometry":{"type":"Polygon","coordinates":[[[69.49315119267433,43.384208204330925],[69.51048467372308,43.54524223206391],[69.64685555860811,43.53736081241446],[69.53396606500019,43.42396164000018],[69.52648162900016,43.41200637800005],[69.63175201500009,43.38477325400009],[69.6245988637176,43.376636520834914],[69.49315119267433,43.384208204330925]]]}},{"type":"Feature","id":"agro-19-9","properties":{"cell_id":"TKO-19-09","latitude":43.68452,"longitude":68.10027,"area_km2":217.3,"coverage_pct":67.1,"sample_count":1302,"active_vegetation_pct":11.1,"surface_water_pct":0.0,"ndvi":0.131,"ndwi":-0.273,"ndre":0.081,"ndmi":-0.128,"ndbi":0.128,"bsi":0.181,"soy":38,"rice":17,"cotton":40,"vegetables":39,"solar":65,"industrial_land":63,"best_crop":"cotton","confidence":82,"period":"2025_summer","power_km":2.6,"rail_km":30.1,"water_km":3.4},"geometry":{"type":"Polygon","coordinates":[[[68.19374955930809,43.77492323678192],[68.17979991643725,43.61351620922174],[67.95758717980648,43.62339446677465],[67.96414243972549,43.70280266977851],[68.03042602500018,43.66097640900016],[68.07308960000006,43.675758362000124],[68.0844364881442,43.77985164801731],[68.19374955930809,43.77492323678192]]]}},{"type":"Feature","id":"agro-19-10","properties":{"cell_id":"TKO-19-10","latitude":43.68911,"longitude":68.29797,"area_km2":324.0,"coverage_pct":100.0,"sample_count":1936,"active_vegetation_pct":17.4,"surface_water_pct":0.0,"ndvi":0.149,"ndwi":-0.291,"ndre":0.094,"ndmi":-0.114,"ndbi":0.114,"bsi":0.171,"soy":53,"rice":21,"cotton":51,"vegetables":48,"solar":53,"industrial_land":53,"best_crop":"soy","confidence":95,"period":"2025_summer","power_km":9.7,"rail_km":24.4,"water_km":3.0},"geometry":{"type":"Polygon","coordinates":[[[68.17979991643725,43.61351620922174],[68.19374955930809,43.77492323678192],[68.41643805371329,43.76455721229475],[68.40189726910538,43.60320808538806],[68.17979991643725,43.61351620922174]]]}},{"type":"Feature","id":"agro-19-11","properties":{"cell_id":"TKO-19-11","latitude":43.67855,"longitude":68.5203,"area_km2":324.0,"coverage_pct":100.0,"sample_count":1936,"active_vegetation_pct":36.6,"surface_water_pct":0.0,"ndvi":0.165,"ndwi":-0.301,"ndre":0.106,"ndmi":-0.097,"ndbi":0.097,"bsi":0.155,"soy":69,"rice":26,"cotton":63,"vegetables":59,"solar":38,"industrial_land":39,"best_crop":"soy","confidence":95,"period":"2025_summer","power_km":14.1,"rail_km":16.8,"water_km":2.9},"geometry":{"type":"Polygon","coordinates":[[[68.40189726910538,43.60320808538806],[68.41643805371329,43.76455721229475],[68.63900513321188,43.75375955657333],[68.62387440356004,43.59247072025519],[68.40189726910538,43.60320808538806]]]}},{"type":"Feature","id":"agro-19-12","properties":{"cell_id":"TKO-19-12","latitude":43.66757,"longitude":68.74251,"area_km2":324.0,"coverage_pct":100.0,"sample_count":1936,"active_vegetation_pct":41.4,"surface_water_pct":0.0,"ndvi":0.171,"ndwi":-0.298,"ndre":0.111,"ndmi":-0.09,"ndbi":0.09,"bsi":0.144,"soy":76,"rice":29,"cotton":68,"vegetables":65,"solar":28,"industrial_land":30,"best_crop":"soy","confidence":95,"period":"2025_summer","power_km":19.1,"rail_km":21.2,"water_km":0.7},"geometry":{"type":"Polygon","coordinates":[[[68.62387440356004,43.59247072025519],[68.63900513321188,43.75375955657333],[68.86144593342352,43.74253092619272],[68.84572650229651,43.581304764182036],[68.62387440356004,43.59247072025519]]]}},{"type":"Feature","id":"agro-19-13","properties":{"cell_id":"TKO-19-13","latitude":43.65616,"longitude":68.96459,"area_km2":324.0,"coverage_pct":100.0,"sample_count":1936,"active_vegetation_pct":19.1,"surface_water_pct":0.0,"ndvi":0.143,"ndwi":-0.271,"ndre":0.087,"ndmi":-0.123,"ndbi":0.123,"bsi":0.174,"soy":46,"rice":20,"cotton":46,"vegetables":46,"solar":57,"industrial_land":57,"best_crop":"soy","confidence":95,"period":"2025_summer","power_km":6.4,"rail_km":21.6,"water_km":7.8},"geometry":{"type":"Polygon","coordinates":[[[68.84572650229651,43.581304764182036],[68.86144593342352,43.74253092619272],[69.08375560765312,43.730872003222665],[69.06744876519542,43.56971089278691],[68.84572650229651,43.581304764182036]]]}},{"type":"Feature","id":"agro-19-14","properties":{"cell_id":"TKO-19-14","latitude":43.64432,"longitude":69.18654,"area_km2":324.0,"coverage_pct":100.0,"sample_count":1936,"active_vegetation_pct":2.8,"surface_water_pct":0.0,"ndvi":0.107,"ndwi":-0.236,"ndre":0.06,"ndmi":-0.149,"ndbi":0.149,"bsi":0.193,"soy":17,"rice":13,"cotton":25,"vegetables":28,"solar":79,"industrial_land":76,"best_crop":"vegetables","confidence":95,"period":"2025_summer","power_km":3.1,"rail_km":13.3,"water_km":17.8},"geometry":{"type":"Polygon","coordinates":[[[69.06744876519542,43.56971089278691],[69.08375560765312,43.730872003222665],[69.30592932753461,43.71878349510364],[69.28903641015603,43.55768980682543],[69.06744876519542,43.56971089278691]]]}},{"type":"Feature","id":"agro-19-15","properties":{"cell_id":"TKO-19-15","latitude":43.63205,"longitude":69.40835,"area_km2":324.0,"coverage_pct":100.0,"sample_count":1936,"active_vegetation_pct":2.4,"surface_water_pct":0.1,"ndvi":0.109,"ndwi":-0.236,"ndre":0.063,"ndmi":-0.148,"ndbi":0.148,"bsi":0.191,"soy":19,"rice":14,"cotton":26,"vegetables":30,"solar":77,"industrial_land":75,"best_crop":"vegetables","confidence":95,"period":"2025_summer","power_km":8.1,"rail_km":8.6,"water_km":1.7},"geometry":{"type":"Polygon","coordinates":[[[69.28903641015603,43.55768980682543],[69.30592932753461,43.71878349510364],[69.52796228366819,43.70626613451832],[69.51048467372308,43.54524223206391],[69.28903641015603,43.55768980682543]]]}},{"type":"Feature","id":"agro-19-16","properties":{"cell_id":"TKO-19-16","latitude":43.62571,"longitude":69.60339,"area_km2":242.0,"coverage_pct":74.7,"sample_count":1620,"active_vegetation_pct":0.6,"surface_water_pct":0.0,"ndvi":0.106,"ndwi":-0.236,"ndre":0.059,"ndmi":-0.136,"ndbi":0.136,"bsi":0.185,"soy":22,"rice":15,"cotton":29,"vegetables":32,"solar":72,"industrial_land":69,"best_crop":"vegetables","confidence":88,"period":"2025_summer","power_km":0.7,"rail_km":0.6,"water_km":0.6},"geometry":{"type":"Polygon","coordinates":[[[69.51048467372308,43.54524223206391],[69.52796228366819,43.70626613451832],[69.72591015466732,43.69473837141824],[69.65930938600013,43.57344436700009],[69.66204071100009,43.55257034400006],[69.64685555860811,43.53736081241446],[69.51048467372308,43.54524223206391]]]}},{"type":"Feature","id":"agro-20-9","properties":{"cell_id":"TKO-20-09","latitude":43.84439,"longitude":68.13114,"area_km2":157.4,"coverage_pct":48.6,"sample_count":1448,"active_vegetation_pct":17.3,"surface_water_pct":0.0,"ndvi":0.141,"ndwi":-0.264,"ndre":0.089,"ndmi":-0.148,"ndbi":0.148,"bsi":0.181,"soy":37,"rice":16,"cotton":38,"vegetables":39,"solar":65,"industrial_land":69,"best_crop":"vegetables","confidence":85,"period":"2025_summer","power_km":19.9,"rail_km":45.7,"water_km":13.5},"geometry":{"type":"Polygon","coordinates":[[[68.19374955930809,43.77492323678192],[68.0844364881442,43.77985164801731],[68.05543518000003,43.83879089400016],[68.03415680000018,43.86053848300003],[68.08551788400007,43.89988708400016],[68.14644622700007,43.91794967600002],[68.18527984700013,43.89535904000013],[68.20551139950676,43.90997398967224],[68.19374955930809,43.77492323678192]]]}},{"type":"Feature","id":"agro-20-10","properties":{"cell_id":"TKO-20-10","latitude":43.84957,"longitude":68.3134,"area_km2":320.2,"coverage_pct":98.8,"sample_count":1914,"active_vegetation_pct":25.8,"surface_water_pct":0.0,"ndvi":0.156,"ndwi":-0.28,"ndre":0.098,"ndmi":-0.114,"ndbi":0.114,"bsi":0.158,"soy":58,"rice":24,"cotton":55,"vegetables":54,"solar":43,"industrial_land":46,"best_crop":"soy","confidence":95,"period":"2025_summer","power_km":26.4,"rail_km":38.9,"water_km":11.5},"geometry":{"type":"Polygon","coordinates":[[[68.43110025606721,43.92589787494324],[68.41643805371329,43.76455721229475],[68.19374955930809,43.77492323678192],[68.20551139950676,43.90997398967224],[68.23998005798374,43.934847610373986],[68.43110025606721,43.92589787494324]]]}},{"type":"Feature","id":"agro-20-11","properties":{"cell_id":"TKO-20-11","latitude":43.83987,"longitude":68.5352,"area_km2":324.0,"coverage_pct":100.0,"sample_count":1936,"active_vegetation_pct":34.0,"surface_water_pct":0.0,"ndvi":0.16,"ndwi":-0.283,"ndre":0.105,"ndmi":-0.124,"ndbi":0.124,"bsi":0.164,"soy":57,"rice":22,"cotton":54,"vegetables":52,"solar":48,"industrial_land":52,"best_crop":"soy","confidence":95,"period":"2025_summer","power_km":17.0,"rail_km":26.4,"water_km":7.3},"geometry":{"type":"Polygon","coordinates":[[[68.41643805371329,43.76455721229475],[68.43110025606721,43.92589787494324],[68.6542621450984,43.91503960839383],[68.63900513321188,43.75375955657333],[68.41643805371329,43.76455721229475]]]}},{"type":"Feature","id":"agro-20-12","properties":{"cell_id":"TKO-20-12","latitude":43.82882,"longitude":68.758,"area_km2":324.0,"coverage_pct":100.0,"sample_count":1936,"active_vegetation_pct":22.2,"surface_water_pct":0.0,"ndvi":0.136,"ndwi":-0.257,"ndre":0.084,"ndmi":-0.141,"ndbi":0.141,"bsi":0.18,"soy":36,"rice":17,"cotton":39,"vegetables":40,"solar":64,"industrial_land":66,"best_crop":"vegetables","confidence":95,"period":"2025_summer","power_km":4.4,"rail_km":14.3,"water_km":1.1},"geometry":{"type":"Polygon","coordinates":[[[68.63900513321188,43.75375955657333],[68.6542621450984,43.91503960839383],[68.87729649358756,43.90374797119505],[68.86144593342352,43.74253092619272],[68.63900513321188,43.75375955657333]]]}},{"type":"Feature","id":"agro-20-13","properties":{"cell_id":"TKO-20-13","latitude":43.81735,"longitude":68.98067,"area_km2":324.0,"coverage_pct":100.0,"sample_count":1936,"active_vegetation_pct":0.5,"surface_water_pct":0.0,"ndvi":0.098,"ndwi":-0.222,"ndre":0.054,"ndmi":-0.154,"ndbi":0.154,"bsi":0.195,"soy":11,"rice":12,"cotton":20,"vegetables":26,"solar":82,"industrial_land":79,"best_crop":"vegetables","confidence":95,"period":"2025_summer","power_km":6.0,"rail_km":6.7,"water_km":3.6},"geometry":{"type":"Polygon","coordinates":[[[68.86144593342352,43.74253092619272],[68.87729649358756,43.90374797119505],[69.10019840762016,43.89202365194749],[69.08375560765312,43.730872003222665],[68.86144593342352,43.74253092619272]]]}},{"type":"Feature","id":"agro-20-14","properties":{"cell_id":"TKO-20-14","latitude":43.80544,"longitude":69.20321,"area_km2":324.0,"coverage_pct":100.0,"sample_count":1936,"active_vegetation_pct":11.1,"surface_water_pct":0.0,"ndvi":0.086,"ndwi":-0.207,"ndre":0.045,"ndmi":-0.12,"ndbi":0.12,"bsi":0.173,"soy":20,"rice":19,"cotton":29,"vegetables":35,"solar":64,"industrial_land":58,"best_crop":"vegetables","confidence":95,"period":"2025_summer","power_km":0.5,"rail_km":2.7,"water_km":17.3},"geometry":{"type":"Polygon","coordinates":[[[69.08375560765312,43.730872003222665],[69.10019840762016,43.89202365194749],[69.32296301192744,43.87986736485857],[69.30592932753461,43.71878349510364],[69.08375560765312,43.730872003222665]]]}},{"type":"Feature","id":"agro-20-15","properties":{"cell_id":"TKO-20-15","latitude":43.7931,"longitude":69.42561,"area_km2":324.0,"coverage_pct":100.0,"sample_count":1936,"active_vegetation_pct":0.6,"surface_water_pct":3.5,"ndvi":0.083,"ndwi":-0.204,"ndre":0.043,"ndmi":-0.132,"ndbi":0.132,"bsi":0.182,"soy":14,"rice":30,"cotton":25,"vegetables":31,"solar":71,"industrial_land":66,"best_crop":"vegetables","confidence":95,"period":"2025_summer","power_km":9.8,"rail_km":9.0,"water_km":7.9},"geometry":{"type":"Polygon","coordinates":[[[69.30592932753461,43.71878349510364],[69.32296301192744,43.87986736485857],[69.54558545053443,43.86727984961218],[69.52796228366819,43.70626613451832],[69.30592932753461,43.71878349510364]]]}},{"type":"Feature","id":"agro-20-16","properties":{"cell_id":"TKO-20-16","latitude":43.78164,"longitude":69.64601,"area_km2":317.9,"coverage_pct":98.1,"sample_count":1899,"active_vegetation_pct":5.6,"surface_water_pct":0.0,"ndvi":0.087,"ndwi":-0.2,"ndre":0.048,"ndmi":-0.116,"ndbi":0.116,"bsi":0.165,"soy":23,"rice":20,"cotton":31,"vegetables":38,"solar":58,"industrial_land":53,"best_crop":"vegetables","confidence":94,"period":"2025_summer","power_km":14.9,"rail_km":13.6,"water_km":4.2},"geometry":{"type":"Polygon","coordinates":[[[69.52796228366819,43.70626613451832],[69.54558545053443,43.86727984961218],[69.76806088740086,43.854261871233895],[69.75621589790275,43.74973507099091],[69.72591015466732,43.69473837141824],[69.52796228366819,43.70626613451832]]]}},{"type":"Feature","id":"agro-21-9","properties":{"cell_id":"TKO-21-09","latitude":44.0573,"longitude":68.13025,"area_km2":156.5,"coverage_pct":48.3,"sample_count":1177,"active_vegetation_pct":15.7,"surface_water_pct":0.0,"ndvi":0.138,"ndwi":-0.249,"ndre":0.084,"ndmi":-0.106,"ndbi":0.106,"bsi":0.146,"soy":53,"rice":26,"cotton":53,"vegetables":55,"solar":37,"industrial_land":38,"best_crop":"vegetables","confidence":79,"period":"2025_summer","power_km":9.6,"rail_km":57.1,"water_km":24.1},"geometry":{"type":"Polygon","coordinates":[[[67.99799526741933,44.10775844395668],[68.22199961966881,44.097712782494675],[68.21071485388849,43.9694198373464],[67.9956593151405,44.08008720491053],[67.99799526741933,44.10775844395668]]]}},{"type":"Feature","id":"agro-21-10","properties":{"cell_id":"TKO-21-10","latitude":44.0136,"longitude":68.32946,"area_km2":315.3,"coverage_pct":97.3,"sample_count":1883,"active_vegetation_pct":10.1,"surface_water_pct":0.0,"ndvi":0.113,"ndwi":-0.232,"ndre":0.067,"ndmi":-0.147,"ndbi":0.147,"bsi":0.183,"soy":23,"rice":15,"cotton":29,"vegetables":33,"solar":71,"industrial_land":71,"best_crop":"vegetables","confidence":94,"period":"2025_summer","power_km":19.8,"rail_km":40.6,"water_km":29.7},"geometry":{"type":"Polygon","coordinates":[[[68.22199961966881,44.097712782494675],[68.44588508994576,44.08723002961043],[68.43110025606721,43.92589787494324],[68.23998005798374,43.934847610373986],[68.2556915290001,43.94617462100006],[68.21071485388849,43.9694198373464],[68.22199961966881,44.097712782494675]]]}},{"type":"Feature","id":"agro-21-11","properties":{"cell_id":"TKO-21-11","latitude":44.00118,"longitude":68.55022,"area_km2":324.0,"coverage_pct":100.0,"sample_count":1936,"active_vegetation_pct":7.9,"surface_water_pct":0.1,"ndvi":0.088,"ndwi":-0.205,"ndre":0.047,"ndmi":-0.139,"ndbi":0.139,"bsi":0.179,"soy":13,"rice":16,"cotton":23,"vegetables":30,"solar":71,"industrial_land":67,"best_crop":"vegetables","confidence":95,"period":"2025_summer","power_km":7.7,"rail_km":23.0,"water_km":23.5},"geometry":{"type":"Polygon","coordinates":[[[68.43110025606721,43.92589787494324],[68.44588508994576,44.08723002961043],[68.66964670052569,44.07631082844523],[68.6542621450984,43.91503960839383],[68.43110025606721,43.92589787494324]]]}},{"type":"Feature","id":"agro-21-12","properties":{"cell_id":"TKO-21-12","latitude":43.99007,"longitude":68.77362,"area_km2":324.0,"coverage_pct":100.0,"sample_count":1936,"active_vegetation_pct":0.0,"surface_water_pct":0.0,"ndvi":0.082,"ndwi":-0.2,"ndre":0.043,"ndmi":-0.143,"ndbi":0.143,"bsi":0.184,"soy":10,"rice":14,"cotton":21,"vegetables":28,"solar":75,"industrial_land":71,"best_crop":"vegetables","confidence":95,"period":"2025_summer","power_km":3.5,"rail_km":6.4,"water_km":10.1},"geometry":{"type":"Polygon","coordinates":[[[68.6542621450984,43.91503960839383],[68.66964670052569,44.07631082844523],[68.89327949131605,44.06495584823748],[68.87729649358756,43.90374797119505],[68.6542621450984,43.91503960839383]]]}},{"type":"Feature","id":"agro-21-13","properties":{"cell_id":"TKO-21-13","latitude":43.97853,"longitude":68.99689,"area_km2":324.0,"coverage_pct":100.0,"sample_count":1936,"active_vegetation_pct":0.1,"surface_water_pct":0.0,"ndvi":0.087,"ndwi":-0.208,"ndre":0.044,"ndmi":-0.136,"ndbi":0.136,"bsi":0.184,"soy":13,"rice":15,"cotton":23,"vegetables":29,"solar":74,"industrial_land":69,"best_crop":"vegetables","confidence":95,"period":"2025_summer","power_km":1.8,"rail_km":8.9,"water_km":6.1},"geometry":{"type":"Polygon","coordinates":[[[68.87729649358756,43.90374797119505],[68.89327949131605,44.06495584823748],[69.11677852052827,44.053165784199265],[69.10019840762016,43.89202365194749],[68.87729649358756,43.90374797119505]]]}},{"type":"Feature","id":"agro-21-14","properties":{"cell_id":"TKO-21-14","latitude":43.96655,"longitude":69.22002,"area_km2":324.0,"coverage_pct":100.0,"sample_count":1936,"active_vegetation_pct":1.3,"surface_water_pct":0.0,"ndvi":0.085,"ndwi":-0.207,"ndre":0.041,"ndmi":-0.138,"ndbi":0.138,"bsi":0.187,"soy":12,"rice":15,"cotton":22,"vegetables":29,"solar":76,"industrial_land":70,"best_crop":"vegetables","confidence":95,"period":"2025_summer","power_km":13.1,"rail_km":18.0,"water_km":20.8},"geometry":{"type":"Polygon","coordinates":[[[69.10019840762016,43.89202365194749],[69.11677852052827,44.053165784199265],[69.34013886534318,44.040941357388505],[69.32296301192744,43.87986736485857],[69.10019840762016,43.89202365194749]]]}},{"type":"Feature","id":"agro-21-15","properties":{"cell_id":"TKO-21-15","latitude":43.95415,"longitude":69.44301,"area_km2":324.0,"coverage_pct":100.0,"sample_count":1936,"active_vegetation_pct":0.1,"surface_water_pct":0.0,"ndvi":0.075,"ndwi":-0.194,"ndre":0.036,"ndmi":-0.139,"ndbi":0.139,"bsi":0.185,"soy":12,"rice":15,"cotton":22,"vegetables":29,"solar":74,"industrial_land":70,"best_crop":"vegetables","confidence":95,"period":"2025_summer","power_km":24.4,"rail_km":26.9,"water_km":23.7},"geometry":{"type":"Polygon","coordinates":[[[69.32296301192744,43.87986736485857],[69.34013886534318,44.040941357388505],[69.56335562256957,44.02828331457655],[69.54558545053443,43.86727984961218],[69.32296301192744,43.87986736485857]]]}},{"type":"Feature","id":"agro-21-16","properties":{"cell_id":"TKO-21-16","latitude":43.94131,"longitude":69.66586,"area_km2":324.0,"coverage_pct":100.0,"sample_count":1936,"active_vegetation_pct":4.3,"surface_water_pct":0.3,"ndvi":0.078,"ndwi":-0.156,"ndre":0.042,"ndmi":-0.136,"ndbi":0.136,"bsi":0.149,"soy":17,"rice":19,"cotton":23,"vegetables":34,"solar":53,"industrial_land":55,"best_crop":"vegetables","confidence":95,"period":"2025_summer","power_km":31.1,"rail_km":31.1,"water_km":21.6},"geometry":{"type":"Polygon","coordinates":[[[69.54558545053443,43.86727984961218],[69.56335562256957,44.02828331457655],[69.78642390929582,44.01519242811129],[69.76806088740086,43.854261871233895],[69.54558545053443,43.86727984961218]]]}},{"type":"Feature","id":"agro-21-17","properties":{"cell_id":"TKO-21-17","latitude":43.95476,"longitude":69.80871,"area_km2":67.9,"coverage_pct":20.9,"sample_count":1035,"active_vegetation_pct":10.2,"surface_water_pct":0.0,"ndvi":0.075,"ndwi":-0.145,"ndre":0.042,"ndmi":-0.141,"ndbi":0.141,"bsi":0.148,"soy":16,"rice":17,"cotton":22,"vegetables":33,"solar":54,"industrial_land":57,"best_crop":"vegetables","confidence":76,"period":"2025_summer","power_km":38.1,"rail_km":36.0,"water_km":25.5},"geometry":{"type":"Polygon","coordinates":[[[69.76806088740086,43.854261871233895],[69.78642390929582,44.01519242811129],[69.87395385427172,44.00993509711008],[69.87083435100016,43.99517059400011],[69.80150604200003,43.916675568000116],[69.7922568214598,43.8528196027064],[69.76806088740086,43.854261871233895]]]}},{"type":"Feature","id":"agro-22-8","properties":{"cell_id":"TKO-22-08","latitude":44.21028,"longitude":67.92625,"area_km2":199.5,"coverage_pct":61.6,"sample_count":1194,"active_vegetation_pct":7.2,"surface_water_pct":0.0,"ndvi":0.113,"ndwi":-0.225,"ndre":0.064,"ndmi":-0.118,"ndbi":0.118,"bsi":0.161,"soy":35,"rice":22,"cotton":39,"vegetables":44,"solar":52,"industrial_land":50,"best_crop":"vegetables","confidence":80,"period":"2025_summer","power_km":4.0,"rail_km":46.1,"water_km":28.5},"geometry":{"type":"Polygon","coordinates":[[[67.78696438392788,44.278859196744676],[68.01169090351152,44.26919728213381],[67.99799526741933,44.10775844395668],[67.95582810351242,44.109599970414656],[67.86576843200015,44.18853759800009],[67.86308288600003,44.22200012300004],[67.78491221917182,44.25362591204727],[67.78696438392788,44.278859196744676]]]}},{"type":"Feature","id":"agro-22-9","properties":{"cell_id":"TKO-22-09","latitude":44.1835,"longitude":68.117,"area_km2":324.0,"coverage_pct":100.0,"sample_count":1936,"active_vegetation_pct":2.0,"surface_water_pct":0.1,"ndvi":0.084,"ndwi":-0.203,"ndre":0.043,"ndmi":-0.127,"ndbi":0.127,"bsi":0.174,"soy":17,"rice":18,"cotton":27,"vegetables":34,"solar":66,"industrial_land":61,"best_crop":"vegetables","confidence":95,"period":"2025_summer","power_km":3.0,"rail_km":59.0,"water_km":35.3},"geometry":{"type":"Polygon","coordinates":[[[67.99799526741933,44.10775844395668],[68.01169090351152,44.26919728213381],[68.23630238573591,44.25909521963487],[68.22199961966881,44.097712782494675],[67.99799526741933,44.10775844395668]]]}},{"type":"Feature","id":"agro-22-10","properties":{"cell_id":"TKO-22-10","latitude":44.1732,"longitude":68.34125,"area_km2":324.0,"coverage_pct":100.0,"sample_count":1936,"active_vegetation_pct":6.4,"surface_water_pct":0.0,"ndvi":0.085,"ndwi":-0.207,"ndre":0.044,"ndmi":-0.137,"ndbi":0.137,"bsi":0.184,"soy":12,"rice":15,"cotton":23,"vegetables":29,"solar":74,"industrial_land":69,"best_crop":"vegetables","confidence":95,"period":"2025_summer","power_km":8.9,"rail_km":46.2,"water_km":45.1},"geometry":{"type":"Polygon","coordinates":[[[68.22199961966881,44.097712782494675],[68.23630238573591,44.25909521963487],[68.46079378646019,44.24855363212994],[68.44588508994576,44.08723002961043],[68.22199961966881,44.097712782494675]]]}},{"type":"Feature","id":"agro-22-11","properties":{"cell_id":"TKO-22-11","latitude":44.16247,"longitude":68.56537,"area_km2":324.0,"coverage_pct":100.0,"sample_count":1936,"active_vegetation_pct":7.3,"surface_water_pct":0.0,"ndvi":0.08,"ndwi":-0.203,"ndre":0.04,"ndmi":-0.126,"ndbi":0.126,"bsi":0.179,"soy":17,"rice":18,"cotton":27,"vegetables":33,"solar":68,"industrial_land":62,"best_crop":"vegetables","confidence":95,"period":"2025_summer","power_km":4.8,"rail_km":31.4,"water_km":35.2},"geometry":{"type":"Polygon","coordinates":[[[68.44588508994576,44.08723002961043],[68.46079378646019,44.24855363212994],[68.68516007879339,44.237573168964495],[68.66964670052569,44.07631082844523],[68.44588508994576,44.08723002961043]]]}},{"type":"Feature","id":"agro-22-12","properties":{"cell_id":"TKO-22-12","latitude":44.1513,"longitude":68.78937,"area_km2":324.0,"coverage_pct":100.0,"sample_count":1936,"active_vegetation_pct":0.9,"surface_water_pct":0.0,"ndvi":0.088,"ndwi":-0.217,"ndre":0.045,"ndmi":-0.139,"ndbi":0.139,"bsi":0.19,"soy":11,"rice":14,"cotton":21,"vegetables":27,"solar":78,"industrial_land":73,"best_crop":"vegetables","confidence":95,"period":"2025_summer","power_km":8.5,"rail_km":21.3,"water_km":24.5},"geometry":{"type":"Polygon","coordinates":[[[68.66964670052569,44.07631082844523],[68.68516007879339,44.237573168964495],[68.90939625378442,44.22615450582676],[68.89327949131605,44.06495584823748],[68.66964670052569,44.07631082844523]]]}},{"type":"Feature","id":"agro-22-13","properties":{"cell_id":"TKO-22-13","latitude":44.1397,"longitude":69.01324,"area_km2":324.0,"coverage_pct":100.0,"sample_count":1936,"active_vegetation_pct":0.0,"surface_water_pct":0.0,"ndvi":0.102,"ndwi":-0.247,"ndre":0.053,"ndmi":-0.159,"ndbi":0.159,"bsi":0.21,"soy":9,"rice":9,"cotton":17,"vegetables":20,"solar":88,"industrial_land":86,"best_crop":"vegetables","confidence":95,"period":"2025_summer","power_km":9.4,"rail_km":23.5,"water_km":23.8},"geometry":{"type":"Polygon","coordinates":[[[68.89327949131605,44.06495584823748],[68.90939625378442,44.22615450582676],[69.13349732110528,44.2142983446225],[69.11677852052827,44.053165784199265],[68.89327949131605,44.06495584823748]]]}},{"type":"Feature","id":"agro-22-14","properties":{"cell_id":"TKO-22-14","latitude":44.12766,"longitude":69.23697,"area_km2":324.0,"coverage_pct":100.0,"sample_count":1936,"active_vegetation_pct":0.0,"surface_water_pct":0.0,"ndvi":0.115,"ndwi":-0.28,"ndre":0.062,"ndmi":-0.184,"ndbi":0.184,"bsi":0.232,"soy":13,"rice":6,"cotton":17,"vegetables":18,"solar":89,"industrial_land":90,"best_crop":"vegetables","confidence":95,"period":"2025_summer","power_km":24.0,"rail_km":33.3,"water_km":31.0},"geometry":{"type":"Polygon","coordinates":[[[69.11677852052827,44.053165784199265],[69.13349732110528,44.2142983446225],[69.35745830972759,44.20200541334502],[69.34013886534318,44.040941357388505],[69.11677852052827,44.053165784199265]]]}},{"type":"Feature","id":"agro-22-15","properties":{"cell_id":"TKO-22-15","latitude":44.11518,"longitude":69.46056,"area_km2":324.0,"coverage_pct":100.0,"sample_count":1936,"active_vegetation_pct":0.0,"surface_water_pct":0.0,"ndvi":0.116,"ndwi":-0.275,"ndre":0.063,"ndmi":-0.179,"ndbi":0.179,"bsi":0.226,"soy":14,"rice":7,"cotton":18,"vegetables":19,"solar":89,"industrial_land":90,"best_crop":"vegetables","confidence":95,"period":"2025_summer","power_km":38.3,"rail_km":42.8,"water_km":41.3},"geometry":{"type":"Polygon","coordinates":[[[69.34013886534318,44.040941357388505],[69.35745830972759,44.20200541334502],[69.58127426859234,44.18927646594087],[69.56335562256957,44.02828331457655],[69.34013886534318,44.040941357388505]]]}},{"type":"Feature","id":"agro-22-16","properties":{"cell_id":"TKO-22-16","latitude":44.10227,"longitude":69.684,"area_km2":324.0,"coverage_pct":100.0,"sample_count":1936,"active_vegetation_pct":0.4,"surface_water_pct":0.0,"ndvi":0.085,"ndwi":-0.184,"ndre":0.046,"ndmi":-0.164,"ndbi":0.164,"bsi":0.192,"soy":2,"rice":10,"cotton":14,"vegetables":22,"solar":83,"industrial_land":82,"best_crop":"vegetables","confidence":95,"period":"2025_summer","power_km":48.0,"rail_km":47.9,"water_km":39.5},"geometry":{"type":"Polygon","coordinates":[[[69.56335562256957,44.02828331457655],[69.58127426859234,44.18927646594087],[69.80494026727222,44.17611228217076],[69.78642390929582,44.01519242811129],[69.56335562256957,44.02828331457655]]]}},{"type":"Feature","id":"agro-22-17","properties":{"cell_id":"TKO-22-17","latitude":44.0973,"longitude":69.84987,"area_km2":152.9,"coverage_pct":47.2,"sample_count":1574,"active_vegetation_pct":7.2,"surface_water_pct":0.0,"ndvi":0.093,"ndwi":-0.203,"ndre":0.051,"ndmi":-0.173,"ndbi":0.173,"bsi":0.198,"soy":4,"rice":10,"cotton":16,"vegetables":23,"solar":86,"industrial_land":84,"best_crop":"vegetables","confidence":88,"period":"2025_summer","power_km":53.4,"rail_km":51.9,"water_km":36.9},"geometry":{"type":"Polygon","coordinates":[[[69.78642390929582,44.01519242811129],[69.80494026727222,44.17611228217076],[69.91222740049723,44.16964019809877],[69.92654418900014,44.099491120000145],[69.88903808600008,44.08119201700016],[69.87395385427172,44.00993509711008],[69.78642390929582,44.01519242811129]]]}},{"type":"Feature","id":"agro-23-7","properties":{"cell_id":"TKO-23-07","latitude":44.36451,"longitude":67.6967,"area_km2":277.1,"coverage_pct":85.5,"sample_count":1776,"active_vegetation_pct":6.8,"surface_water_pct":0.1,"ndvi":0.127,"ndwi":-0.248,"ndre":0.069,"ndmi":-0.125,"ndbi":0.125,"bsi":0.178,"soy":36,"rice":19,"cotton":40,"vegetables":41,"solar":61,"industrial_land":59,"best_crop":"vegetables","confidence":92,"period":"2025_summer","power_km":6.0,"rail_km":44.5,"water_km":30.7},"geometry":{"type":"Polygon","coordinates":[[[67.80016171928688,44.44034431591982],[67.78696438392788,44.278859196744676],[67.64378724303504,44.28478279996674],[67.58063507100019,44.32924270600018],[67.59242248599998,44.391372680000075],[67.6122741710002,44.41146850600012],[67.611949872966,44.44811649288128],[67.80016171928688,44.44034431591982]]]}},{"type":"Feature","id":"agro-23-8","properties":{"cell_id":"TKO-23-08","latitude":44.35481,"longitude":67.90608,"area_km2":324.0,"coverage_pct":100.0,"sample_count":1936,"active_vegetation_pct":3.7,"surface_water_pct":0.0,"ndvi":0.089,"ndwi":-0.204,"ndre":0.044,"ndmi":-0.115,"ndbi":0.115,"bsi":0.167,"soy":23,"rice":20,"cotton":31,"vegetables":38,"solar":59,"industrial_land":53,"best_crop":"vegetables","confidence":95,"period":"2025_summer","power_km":0.0,"rail_km":54.2,"water_km":37.6},"geometry":{"type":"Polygon","coordinates":[[[67.78696438392788,44.278859196744676],[67.80016171928688,44.44034431591982],[68.02550157972212,44.430628147269104],[68.01169090351152,44.26919728213381],[67.78696438392788,44.278859196744676]]]}},{"type":"Feature","id":"agro-23-9","properties":{"cell_id":"TKO-23-09","latitude":44.3449,"longitude":68.13106,"area_km2":324.0,"coverage_pct":100.0,"sample_count":1936,"active_vegetation_pct":2.9,"surface_water_pct":0.0,"ndvi":0.079,"ndwi":-0.193,"ndre":0.037,"ndmi":-0.112,"ndbi":0.112,"bsi":0.165,"soy":23,"rice":21,"cotton":32,"vegetables":39,"solar":58,"industrial_land":52,"best_crop":"vegetables","confidence":95,"period":"2025_summer","power_km":0.1,"rail_km":67.6,"water_km":50.2},"geometry":{"type":"Polygon","coordinates":[[[68.01169090351152,44.26919728213381],[68.02550157972212,44.430628147269104],[68.25072523617833,44.420469378285276],[68.23630238573591,44.25909521963487],[68.01169090351152,44.26919728213381]]]}},{"type":"Feature","id":"agro-23-10","properties":{"cell_id":"TKO-23-10","latitude":44.33455,"longitude":68.35591,"area_km2":324.0,"coverage_pct":100.0,"sample_count":1936,"active_vegetation_pct":0.1,"surface_water_pct":0.0,"ndvi":0.086,"ndwi":-0.204,"ndre":0.043,"ndmi":-0.125,"ndbi":0.125,"bsi":0.176,"soy":17,"rice":18,"cotton":27,"vegetables":34,"solar":66,"industrial_land":61,"best_crop":"vegetables","confidence":95,"period":"2025_summer","power_km":4.9,"rail_km":56.7,"water_km":59.4},"geometry":{"type":"Polygon","coordinates":[[[68.23630238573591,44.25909521963487],[68.25072523617833,44.420469378285276],[68.47582759435579,44.40986863788174],[68.46079378646019,44.24855363212994],[68.23630238573591,44.25909521963487]]]}},{"type":"Feature","id":"agro-23-11","properties":{"cell_id":"TKO-23-11","latitude":44.32376,"longitude":68.58065,"area_km2":324.0,"coverage_pct":100.0,"sample_count":1936,"active_vegetation_pct":0.4,"surface_water_pct":0.0,"ndvi":0.099,"ndwi":-0.218,"ndre":0.051,"ndmi":-0.127,"ndbi":0.127,"bsi":0.179,"soy":22,"rice":18,"cotton":30,"vegetables":35,"solar":67,"industrial_land":62,"best_crop":"vegetables","confidence":95,"period":"2025_summer","power_km":16.3,"rail_km":45.3,"water_km":48.8},"geometry":{"type":"Polygon","coordinates":[[[68.46079378646019,44.24855363212994],[68.47582759435579,44.40986863788174],[68.70080357750729,44.398826581685746],[68.68516007879339,44.237573168964495],[68.46079378646019,44.24855363212994]]]}},{"type":"Feature","id":"agro-23-12","properties":{"cell_id":"TKO-23-12","latitude":44.31253,"longitude":68.80525,"area_km2":324.0,"coverage_pct":100.0,"sample_count":1936,"active_vegetation_pct":0.0,"surface_water_pct":0.0,"ndvi":0.102,"ndwi":-0.239,"ndre":0.053,"ndmi":-0.148,"ndbi":0.148,"bsi":0.202,"soy":13,"rice":11,"cotton":22,"vegetables":25,"solar":85,"industrial_land":81,"best_crop":"vegetables","confidence":95,"period":"2025_summer","power_km":12.3,"rail_km":38.9,"water_km":41.7},"geometry":{"type":"Polygon","coordinates":[[[68.68516007879339,44.237573168964495],[68.70080357750729,44.398826581685746],[68.9256481271398,44.38734389191601],[68.90939625378442,44.22615450582676],[68.68516007879339,44.237573168964495]]]}},{"type":"Feature","id":"agro-23-13","properties":{"cell_id":"TKO-23-13","latitude":44.30086,"longitude":69.02972,"area_km2":324.0,"coverage_pct":100.0,"sample_count":1936,"active_vegetation_pct":0.0,"surface_water_pct":0.0,"ndvi":0.12,"ndwi":-0.274,"ndre":0.07,"ndmi":-0.161,"ndbi":0.161,"bsi":0.214,"soy":18,"rice":9,"cotton":22,"vegetables":23,"solar":87,"industrial_land":87,"best_crop":"vegetables","confidence":95,"period":"2025_summer","power_km":0.2,"rail_km":40.2,"water_km":41.7},"geometry":{"type":"Polygon","coordinates":[[[68.90939625378442,44.22615450582676],[68.9256481271398,44.38734389191601],[69.15035620370921,44.37542127725541],[69.13349732110528,44.2142983446225],[68.90939625378442,44.22615450582676]]]}},{"type":"Feature","id":"agro-23-14","properties":{"cell_id":"TKO-23-14","latitude":44.28875,"longitude":69.25406,"area_km2":324.0,"coverage_pct":100.0,"sample_count":1936,"active_vegetation_pct":0.0,"surface_water_pct":0.0,"ndvi":0.13,"ndwi":-0.285,"ndre":0.081,"ndmi":-0.183,"ndbi":0.183,"bsi":0.223,"soy":22,"rice":8,"cotton":25,"vegetables":24,"solar":86,"industrial_land":88,"best_crop":"cotton","confidence":95,"period":"2025_summer","power_km":16.1,"rail_km":48.4,"water_km":46.2},"geometry":{"type":"Polygon","coordinates":[[[69.13349732110528,44.2142983446225],[69.15035620370921,44.37542127725541],[69.37492278730839,44.3630594727191],[69.35745830972759,44.20200541334502],[69.13349732110528,44.2142983446225]]]}},{"type":"Feature","id":"agro-23-15","properties":{"cell_id":"TKO-23-15","latitude":44.27621,"longitude":69.47825,"area_km2":324.0,"coverage_pct":100.0,"sample_count":1936,"active_vegetation_pct":0.0,"surface_water_pct":0.0,"ndvi":0.135,"ndwi":-0.293,"ndre":0.086,"ndmi":-0.191,"ndbi":0.191,"bsi":0.228,"soy":25,"rice":8,"cotton":26,"vegetables":25,"solar":85,"industrial_land":88,"best_crop":"cotton","confidence":95,"period":"2025_summer","power_km":30.3,"rail_km":57.8,"water_km":56.3},"geometry":{"type":"Polygon","coordinates":[[[69.35745830972759,44.20200541334502],[69.37492278730839,44.3630594727191],[69.59934287834801,44.350259239518024],[69.58127426859234,44.18927646594087],[69.35745830972759,44.20200541334502]]]}},{"type":"Feature","id":"agro-23-16","properties":{"cell_id":"TKO-23-16","latitude":44.26322,"longitude":69.70229,"area_km2":324.0,"coverage_pct":100.0,"sample_count":1936,"active_vegetation_pct":0.1,"surface_water_pct":0.0,"ndvi":0.137,"ndwi":-0.297,"ndre":0.089,"ndmi":-0.19,"ndbi":0.19,"bsi":0.229,"soy":26,"rice":8,"cotton":27,"vegetables":25,"solar":85,"industrial_land":88,"best_crop":"cotton","confidence":95,"period":"2025_summer","power_km":47.0,"rail_km":65.1,"water_km":53.3},"geometry":{"type":"Polygon","coordinates":[[[69.58127426859234,44.18927646594087],[69.59934287834801,44.350259239518024],[69.82361149822997,44.33702136491778],[69.80494026727222,44.17611228217076],[69.58127426859234,44.18927646594087]]]}},{"type":"Feature","id":"agro-23-17","properties":{"cell_id":"TKO-23-17","latitude":44.24538,"longitude":69.85526,"area_km2":117.5,"coverage_pct":36.3,"sample_count":1463,"active_vegetation_pct":1.9,"surface_water_pct":0.0,"ndvi":0.134,"ndwi":-0.287,"ndre":0.085,"ndmi":-0.18,"ndbi":0.18,"bsi":0.222,"soy":24,"rice":9,"cotton":27,"vegetables":26,"solar":85,"industrial_land":88,"best_crop":"cotton","confidence":85,"period":"2025_summer","power_km":58.8,"rail_km":67.6,"water_km":41.5},"geometry":{"type":"Polygon","coordinates":[[[69.80494026727222,44.17611228217076],[69.82361149822997,44.33702136491778],[69.87864892853521,44.33370445613023],[69.91222740049723,44.16964019809877],[69.80494026727222,44.17611228217076]]]}},{"type":"Feature","id":"agro-24-7","properties":{"cell_id":"TKO-24-07","latitude":44.52614,"longitude":67.70907,"area_km2":280.7,"coverage_pct":86.6,"sample_count":1868,"active_vegetation_pct":0.3,"surface_water_pct":0.0,"ndvi":0.089,"ndwi":-0.213,"ndre":0.042,"ndmi":-0.141,"ndbi":0.141,"bsi":0.191,"soy":11,"rice":14,"cotton":21,"vegetables":27,"solar":78,"industrial_land":73,"best_crop":"vegetables","confidence":94,"period":"2025_summer","power_km":19.0,"rail_km":60.7,"water_km":48.5},"geometry":{"type":"Polygon","coordinates":[[[67.81347015016911,44.60182171976381],[67.80016171928688,44.44034431591982],[67.611949872966,44.44811649288128],[67.6105331387446,44.610213232698925],[67.81347015016911,44.60182171976381]]]}},{"type":"Feature","id":"agro-24-8","properties":{"cell_id":"TKO-24-08","latitude":44.51627,"longitude":67.91964,"area_km2":324.0,"coverage_pct":100.0,"sample_count":1936,"active_vegetation_pct":0.0,"surface_water_pct":0.0,"ndvi":0.083,"ndwi":-0.205,"ndre":0.039,"ndmi":-0.149,"ndbi":0.149,"bsi":0.193,"soy":7,"rice":13,"cotton":19,"vegetables":25,"solar":81,"industrial_land":77,"best_crop":"vegetables","confidence":95,"period":"2025_summer","power_km":18.0,"rail_km":68.5,"water_km":53.1},"geometry":{"type":"Polygon","coordinates":[[[67.80016171928688,44.44034431591982],[67.81347015016911,44.60182171976381],[68.03942846271933,44.592051001253246],[68.02550157972212,44.430628147269104],[67.80016171928688,44.44034431591982]]]}},{"type":"Feature","id":"agro-24-9","properties":{"cell_id":"TKO-24-09","latitude":44.5063,"longitude":68.14523,"area_km2":324.0,"coverage_pct":100.0,"sample_count":1936,"active_vegetation_pct":0.1,"surface_water_pct":0.0,"ndvi":0.078,"ndwi":-0.19,"ndre":0.034,"ndmi":-0.122,"ndbi":0.122,"bsi":0.171,"soy":19,"rice":19,"cotton":28,"vegetables":35,"solar":63,"industrial_land":58,"best_crop":"vegetables","confidence":95,"period":"2025_summer","power_km":17.9,"rail_km":79.5,"water_km":49.2},"geometry":{"type":"Polygon","coordinates":[[[68.02550157972212,44.430628147269104],[68.03942846271933,44.592051001253246],[68.26526938782513,44.581835216918904],[68.25072523617833,44.420469378285276],[68.02550157972212,44.430628147269104]]]}},{"type":"Feature","id":"agro-24-10","properties":{"cell_id":"TKO-24-10","latitude":44.49589,"longitude":68.3707,"area_km2":324.0,"coverage_pct":100.0,"sample_count":1936,"active_vegetation_pct":0.3,"surface_water_pct":0.0,"ndvi":0.098,"ndwi":-0.216,"ndre":0.049,"ndmi":-0.135,"ndbi":0.135,"bsi":0.185,"soy":17,"rice":16,"cotton":27,"vegetables":32,"solar":72,"industrial_land":67,"best_crop":"vegetables","confidence":95,"period":"2025_summer","power_km":19.5,"rail_km":70.2,"water_km":44.8},"geometry":{"type":"Polygon","coordinates":[[[68.25072523617833,44.420469378285276],[68.26526938782513,44.581835216918904],[68.49098778031988,44.571175001781384],[68.47582759435579,44.40986863788174],[68.25072523617833,44.420469378285276]]]}},{"type":"Feature","id":"agro-24-11","properties":{"cell_id":"TKO-24-11","latitude":44.48504,"longitude":68.59605,"area_km2":324.0,"coverage_pct":100.0,"sample_count":1936,"active_vegetation_pct":0.3,"surface_water_pct":0.0,"ndvi":0.11,"ndwi":-0.25,"ndre":0.058,"ndmi":-0.151,"ndbi":0.151,"bsi":0.205,"soy":16,"rice":11,"cotton":23,"vegetables":25,"solar":85,"industrial_land":82,"best_crop":"vegetables","confidence":95,"period":"2025_summer","power_km":30.2,"rail_km":61.3,"water_km":36.4},"geometry":{"type":"Polygon","coordinates":[[[68.47582759435579,44.40986863788174],[68.49098778031988,44.571175001781384],[68.71657851289855,44.560071017828754],[68.70080357750729,44.398826581685746],[68.47582759435579,44.40986863788174]]]}},{"type":"Feature","id":"agro-24-12","properties":{"cell_id":"TKO-24-12","latitude":44.47375,"longitude":68.82127,"area_km2":324.0,"coverage_pct":100.0,"sample_count":1936,"active_vegetation_pct":0.0,"surface_water_pct":0.0,"ndvi":0.113,"ndwi":-0.259,"ndre":0.061,"ndmi":-0.168,"ndbi":0.168,"bsi":0.217,"soy":12,"rice":8,"cotton":18,"vegetables":21,"solar":88,"industrial_land":88,"best_crop":"vegetables","confidence":95,"period":"2025_summer","power_km":19.0,"rail_km":56.8,"water_km":32.9},"geometry":{"type":"Polygon","coordinates":[[[68.70080357750729,44.398826581685746],[68.71657851289855,44.560071017828754],[68.94203647683128,44.54852395389214],[68.9256481271398,44.38734389191601],[68.70080357750729,44.398826581685746]]]}},{"type":"Feature","id":"agro-24-13","properties":{"cell_id":"TKO-24-13","latitude":44.46201,"longitude":69.04635,"area_km2":324.0,"coverage_pct":100.0,"sample_count":1936,"active_vegetation_pct":0.0,"surface_water_pct":0.0,"ndvi":0.123,"ndwi":-0.265,"ndre":0.073,"ndmi":-0.162,"ndbi":0.162,"bsi":0.208,"soy":19,"rice":9,"cotton":25,"vegetables":25,"solar":85,"industrial_land":86,"best_crop":"cotton","confidence":95,"period":"2025_summer","power_km":6.9,"rail_km":57.6,"water_km":37.3},"geometry":{"type":"Polygon","coordinates":[[[68.9256481271398,44.38734389191601],[68.94203647683128,44.54852395389214],[69.16735658266985,44.536534525516544],[69.15035620370921,44.37542127725541],[68.9256481271398,44.38734389191601]]]}},{"type":"Feature","id":"agro-24-14","properties":{"cell_id":"TKO-24-14","latitude":44.44984,"longitude":69.27129,"area_km2":324.0,"coverage_pct":100.0,"sample_count":1936,"active_vegetation_pct":0.0,"surface_water_pct":0.0,"ndvi":0.131,"ndwi":-0.274,"ndre":0.082,"ndmi":-0.175,"ndbi":0.175,"bsi":0.213,"soy":23,"rice":9,"cotton":26,"vegetables":26,"solar":85,"industrial_land":87,"best_crop":"cotton","confidence":95,"period":"2025_summer","power_km":7.1,"rail_km":63.6,"water_km":39.7},"geometry":{"type":"Polygon","coordinates":[[[69.15035620370921,44.37542127725541],[69.16735658266985,44.536534525516544],[69.39253376094753,44.52410347482682],[69.37492278730839,44.3630594727191],[69.15035620370921,44.37542127725541]]]}},{"type":"Feature","id":"agro-24-15","properties":{"cell_id":"TKO-24-15","latitude":44.43722,"longitude":69.49609,"area_km2":324.0,"coverage_pct":100.0,"sample_count":1936,"active_vegetation_pct":0.0,"surface_water_pct":0.0,"ndvi":0.133,"ndwi":-0.274,"ndre":0.084,"ndmi":-0.194,"ndbi":0.194,"bsi":0.222,"soy":24,"rice":10,"cotton":27,"vegetables":27,"solar":84,"industrial_land":86,"best_crop":"cotton","confidence":95,"period":"2025_summer","power_km":24.2,"rail_km":73.2,"water_km":46.6},"geometry":{"type":"Polygon","coordinates":[[[69.37492278730839,44.3630594727191],[69.39253376094753,44.52410347482682],[69.61756296287109,44.5112315703891],[69.59934287834801,44.350259239518024],[69.37492278730839,44.3630594727191]]]}},{"type":"Feature","id":"agro-24-16","properties":{"cell_id":"TKO-24-16","latitude":44.42416,"longitude":69.72074,"area_km2":324.0,"coverage_pct":100.0,"sample_count":1936,"active_vegetation_pct":0.1,"surface_water_pct":0.0,"ndvi":0.141,"ndwi":-0.281,"ndre":0.094,"ndmi":-0.205,"ndbi":0.205,"bsi":0.227,"soy":29,"rice":10,"cotton":31,"vegetables":30,"solar":83,"industrial_land":86,"best_crop":"cotton","confidence":95,"period":"2025_summer","power_km":41.9,"rail_km":82.5,"water_km":47.4},"geometry":{"type":"Polygon","coordinates":[[[69.59934287834801,44.350259239518024],[69.61756296287109,44.5112315703891],[69.84243916100576,44.49791960706743],[69.82361149822997,44.33702136491778],[69.59934287834801,44.350259239518024]]]}},{"type":"Feature","id":"agro-24-17","properties":{"cell_id":"TKO-24-17","latitude":44.39187,"longitude":69.84854,"area_km2":41.6,"coverage_pct":12.8,"sample_count":1012,"active_vegetation_pct":0.0,"surface_water_pct":0.0,"ndvi":0.142,"ndwi":-0.285,"ndre":0.094,"ndmi":-0.201,"ndbi":0.201,"bsi":0.227,"soy":29,"rice":10,"cotton":31,"vegetables":30,"solar":83,"industrial_land":86,"best_crop":"cotton","confidence":76,"period":"2025_summer","power_km":52.6,"rail_km":82.6,"water_km":47.8},"geometry":{"type":"Polygon","coordinates":[[[69.82361149822997,44.33702136491778],[69.84243916100576,44.49791960706743],[69.8449363074957,44.497769263601704],[69.87864892853521,44.33370445613023],[69.82361149822997,44.33702136491778]]]}},{"type":"Feature","id":"agro-25-7","properties":{"cell_id":"TKO-25-07","latitude":44.68787,"longitude":67.71505,"area_km2":301.0,"coverage_pct":92.9,"sample_count":1873,"active_vegetation_pct":0.5,"surface_water_pct":0.0,"ndvi":0.083,"ndwi":-0.21,"ndre":0.038,"ndmi":-0.134,"ndbi":0.134,"bsi":0.19,"soy":13,"rice":15,"cotton":23,"vegetables":29,"solar":77,"industrial_land":70,"best_crop":"vegetables","confidence":94,"period":"2025_summer","power_km":9.1,"rail_km":77.5,"water_km":32.9},"geometry":{"type":"Polygon","coordinates":[[[67.82689080892362,44.76329137311037],[67.81347015016911,44.60182171976381],[67.6105331387446,44.610213232698925],[67.60914531351254,44.77230715625955],[67.82689080892362,44.76329137311037]]]}},{"type":"Feature","id":"agro-25-8","properties":{"cell_id":"TKO-25-08","latitude":44.67771,"longitude":67.93332,"area_km2":324.0,"coverage_pct":100.0,"sample_count":1936,"active_vegetation_pct":0.7,"surface_water_pct":0.0,"ndvi":0.081,"ndwi":-0.197,"ndre":0.037,"ndmi":-0.14,"ndbi":0.14,"bsi":0.183,"soy":11,"rice":15,"cotton":22,"vegetables":29,"solar":73,"industrial_land":69,"best_crop":"vegetables","confidence":95,"period":"2025_summer","power_km":23.9,"rail_km":83.9,"water_km":36.3},"geometry":{"type":"Polygon","coordinates":[[[67.81347015016911,44.60182171976381],[67.82689080892362,44.76329137311037],[68.05347273601807,44.75346580559796],[68.03942846271933,44.592051001253246],[67.81347015016911,44.60182171976381]]]}},{"type":"Feature","id":"agro-25-9","properties":{"cell_id":"TKO-25-09","latitude":44.66769,"longitude":68.15953,"area_km2":324.0,"coverage_pct":100.0,"sample_count":1936,"active_vegetation_pct":0.0,"surface_water_pct":0.0,"ndvi":0.096,"ndwi":-0.216,"ndre":0.047,"ndmi":-0.162,"ndbi":0.162,"bsi":0.197,"soy":6,"rice":10,"cotton":16,"vegetables":23,"solar":85,"industrial_land":83,"best_crop":"vegetables","confidence":95,"period":"2025_summer","power_km":35.9,"rail_km":93.3,"water_km":31.4},"geometry":{"type":"Polygon","coordinates":[[[68.03942846271933,44.592051001253246],[68.05347273601807,44.75346580559796],[68.27993607506009,44.74319269358254],[68.26526938782513,44.581835216918904],[68.03942846271933,44.592051001253246]]]}},{"type":"Feature","id":"agro-25-10","properties":{"cell_id":"TKO-25-10","latitude":44.65723,"longitude":68.38562,"area_km2":324.0,"coverage_pct":100.0,"sample_count":1936,"active_vegetation_pct":0.1,"surface_water_pct":0.0,"ndvi":0.107,"ndwi":-0.233,"ndre":0.056,"ndmi":-0.16,"ndbi":0.16,"bsi":0.201,"soy":11,"rice":10,"cotton":20,"vegetables":24,"solar":85,"industrial_land":83,"best_crop":"vegetables","confidence":95,"period":"2025_summer","power_km":35.7,"rail_km":85.3,"water_km":30.5},"geometry":{"type":"Polygon","coordinates":[[[68.26526938782513,44.581835216918904],[68.27993607506009,44.74319269358254],[68.50627562929607,44.732472678269176],[68.49098778031988,44.571175001781384],[68.26526938782513,44.581835216918904]]]}},{"type":"Feature","id":"agro-25-11","properties":{"cell_id":"TKO-25-11","latitude":44.64631,"longitude":68.61158,"area_km2":324.0,"coverage_pct":100.0,"sample_count":1936,"active_vegetation_pct":2.7,"surface_water_pct":0.0,"ndvi":0.115,"ndwi":-0.241,"ndre":0.065,"ndmi":-0.158,"ndbi":0.158,"bsi":0.197,"soy":17,"rice":11,"cotton":24,"vegetables":28,"solar":81,"industrial_land":81,"best_crop":"vegetables","confidence":95,"period":"2025_summer","power_km":20.6,"rail_km":78.1,"water_km":20.4},"geometry":{"type":"Polygon","coordinates":[[[68.49098778031988,44.571175001781384],[68.50627562929607,44.732472678269176],[68.73248622014962,44.721306428087075],[68.71657851289855,44.560071017828754],[68.49098778031988,44.571175001781384]]]}},{"type":"Feature","id":"agro-25-12","properties":{"cell_id":"TKO-25-12","latitude":44.63496,"longitude":68.83742,"area_km2":324.0,"coverage_pct":100.0,"sample_count":1936,"active_vegetation_pct":0.9,"surface_water_pct":0.0,"ndvi":0.117,"ndwi":-0.242,"ndre":0.064,"ndmi":-0.161,"ndbi":0.161,"bsi":0.199,"soy":16,"rice":11,"cotton":24,"vegetables":27,"solar":82,"industrial_land":82,"best_crop":"vegetables","confidence":95,"period":"2025_summer","power_km":14.6,"rail_km":74.6,"water_km":14.9},"geometry":{"type":"Polygon","coordinates":[[[68.71657851289855,44.560071017828754],[68.73248622014962,44.721306428087075],[68.95856268794729,44.70969463856322],[68.94203647683128,44.54852395389214],[68.71657851289855,44.560071017828754]]]}},{"type":"Feature","id":"agro-25-13","properties":{"cell_id":"TKO-25-13","latitude":44.62315,"longitude":69.06311,"area_km2":324.0,"coverage_pct":100.0,"sample_count":1936,"active_vegetation_pct":0.4,"surface_water_pct":0.0,"ndvi":0.124,"ndwi":-0.246,"ndre":0.074,"ndmi":-0.153,"ndbi":0.153,"bsi":0.188,"soy":25,"rice":14,"cotton":30,"vegetables":33,"solar":73,"industrial_land":74,"best_crop":"vegetables","confidence":95,"period":"2025_summer","power_km":16.1,"rail_km":75.3,"water_km":20.2},"geometry":{"type":"Polygon","coordinates":[[[68.94203647683128,44.54852395389214],[68.95856268794729,44.70969463856322],[69.18449989263725,44.697638032191115],[69.16735658266985,44.536534525516544],[68.94203647683128,44.54852395389214]]]}},{"type":"Feature","id":"agro-25-14","properties":{"cell_id":"TKO-25-14","latitude":44.61091,"longitude":69.28867,"area_km2":324.0,"coverage_pct":100.0,"sample_count":1936,"active_vegetation_pct":0.2,"surface_water_pct":0.0,"ndvi":0.122,"ndwi":-0.252,"ndre":0.074,"ndmi":-0.141,"ndbi":0.141,"bsi":0.183,"soy":29,"rice":15,"cotton":33,"vegetables":35,"solar":69,"industrial_land":69,"best_crop":"vegetables","confidence":95,"period":"2025_summer","power_km":13.2,"rail_km":79.9,"water_km":22.6},"geometry":{"type":"Polygon","coordinates":[[[69.16735658266985,44.536534525516544],[69.18449989263725,44.697638032191115],[69.4102927145007,44.68513735829475],[69.39253376094753,44.52410347482682],[69.16735658266985,44.536534525516544]]]}},{"type":"Feature","id":"agro-25-15","properties":{"cell_id":"TKO-25-15","latitude":44.59822,"longitude":69.51408,"area_km2":324.0,"coverage_pct":100.0,"sample_count":1936,"active_vegetation_pct":0.2,"surface_water_pct":0.0,"ndvi":0.125,"ndwi":-0.265,"ndre":0.076,"ndmi":-0.162,"ndbi":0.162,"bsi":0.202,"soy":21,"rice":10,"cotton":26,"vegetables":27,"solar":84,"industrial_land":85,"best_crop":"vegetables","confidence":95,"period":"2025_summer","power_km":26.9,"rail_km":88.0,"water_km":32.4},"geometry":{"type":"Polygon","coordinates":[[[69.39253376094753,44.52410347482682],[69.4102927145007,44.68513735829475],[69.63593605485588,44.67219339288775],[69.61756296287109,44.5112315703891],[69.39253376094753,44.52410347482682]]]}},{"type":"Feature","id":"agro-25-16","properties":{"cell_id":"TKO-25-16","latitude":44.58183,"longitude":69.7265,"area_km2":286.3,"coverage_pct":88.3,"sample_count":1709,"active_vegetation_pct":0.0,"surface_water_pct":0.0,"ndvi":0.134,"ndwi":-0.269,"ndre":0.088,"ndmi":-0.192,"ndbi":0.192,"bsi":0.218,"soy":25,"rice":10,"cotton":29,"vegetables":29,"solar":84,"industrial_land":86,"best_crop":"cotton","confidence":90,"period":"2025_summer","power_km":42.6,"rail_km":96.8,"water_km":31.9},"geometry":{"type":"Polygon","coordinates":[[[69.84243916100576,44.49791960706743],[69.61756296287109,44.5112315703891],[69.63593605485588,44.67219339288775],[69.80501198309842,44.66219830867764],[69.83660125700011,44.53823089600018],[69.84243916100576,44.49791960706743]]]}},{"type":"Feature","id":"agro-26-7","properties":{"cell_id":"TKO-26-07","latitude":44.84931,"longitude":67.72159,"area_km2":320.0,"coverage_pct":98.8,"sample_count":1912,"active_vegetation_pct":0.1,"surface_water_pct":0.0,"ndvi":0.084,"ndwi":-0.166,"ndre":0.038,"ndmi":-0.119,"ndbi":0.119,"bsi":0.148,"soy":23,"rice":21,"cotton":29,"vegetables":39,"solar":49,"industrial_land":48,"best_crop":"vegetables","confidence":95,"period":"2025_summer","power_km":11.6,"rail_km":94.7,"water_km":15.0},"geometry":{"type":"Polygon","coordinates":[[[67.61309954907773,44.93418330309882],[67.84042484431662,44.92475324045092],[67.82689080892362,44.76329137311037],[67.60914531351254,44.77230715625955],[67.60828839089984,44.87412387920621],[67.61309954907773,44.93418330309882]]]}},{"type":"Feature","id":"agro-26-8","properties":{"cell_id":"TKO-26-08","latitude":44.83915,"longitude":67.94711,"area_km2":324.0,"coverage_pct":100.0,"sample_count":1936,"active_vegetation_pct":0.1,"surface_water_pct":0.0,"ndvi":0.104,"ndwi":-0.218,"ndre":0.053,"ndmi":-0.147,"ndbi":0.147,"bsi":0.184,"soy":16,"rice":14,"cotton":25,"vegetables":31,"solar":72,"industrial_land":71,"best_crop":"vegetables","confidence":95,"period":"2025_summer","power_km":25.0,"rail_km":100.1,"water_km":18.7},"geometry":{"type":"Polygon","coordinates":[[[67.82689080892362,44.76329137311037],[67.84042484431662,44.92475324045092],[68.06763560027686,44.91487252142657],[68.05347273601807,44.75346580559796],[67.82689080892362,44.76329137311037]]]}},{"type":"Feature","id":"agro-26-9","properties":{"cell_id":"TKO-26-09","latitude":44.82908,"longitude":68.17394,"area_km2":324.0,"coverage_pct":100.0,"sample_count":1936,"active_vegetation_pct":2.9,"surface_water_pct":0.0,"ndvi":0.119,"ndwi":-0.239,"ndre":0.064,"ndmi":-0.163,"ndbi":0.163,"bsi":0.197,"soy":17,"rice":11,"cotton":24,"vegetables":28,"solar":81,"industrial_land":82,"best_crop":"vegetables","confidence":95,"period":"2025_summer","power_km":39.5,"rail_km":108.3,"water_km":14.0},"geometry":{"type":"Polygon","coordinates":[[[68.05347273601807,44.75346580559796],[68.06763560027686,44.91487252142657],[68.2947265501308,44.904541765886556],[68.27993607506009,44.74319269358254],[68.05347273601807,44.75346580559796]]]}},{"type":"Feature","id":"agro-26-10","properties":{"cell_id":"TKO-26-10","latitude":44.81855,"longitude":68.40066,"area_km2":324.0,"coverage_pct":100.0,"sample_count":1936,"active_vegetation_pct":8.5,"surface_water_pct":0.0,"ndvi":0.109,"ndwi":-0.229,"ndre":0.057,"ndmi":-0.139,"ndbi":0.139,"bsi":0.183,"soy":22,"rice":16,"cotton":29,"vegetables":33,"solar":70,"industrial_land":68,"best_crop":"vegetables","confidence":95,"period":"2025_summer","power_km":32.9,"rail_km":101.3,"water_km":13.2},"geometry":{"type":"Polygon","coordinates":[[[68.27993607506009,44.74319269358254],[68.2947265501308,44.904541765886556],[68.52169244480538,44.89376162129906],[68.50627562929607,44.732472678269176],[68.27993607506009,44.74319269358254]]]}},{"type":"Feature","id":"agro-26-11","properties":{"cell_id":"TKO-26-11","latitude":44.80758,"longitude":68.62725,"area_km2":324.0,"coverage_pct":100.0,"sample_count":1936,"active_vegetation_pct":17.3,"surface_water_pct":0.0,"ndvi":0.117,"ndwi":-0.238,"ndre":0.065,"ndmi":-0.143,"ndbi":0.143,"bsi":0.184,"soy":25,"rice":15,"cotton":31,"vegetables":34,"solar":70,"industrial_land":69,"best_crop":"vegetables","confidence":95,"period":"2025_summer","power_km":15.2,"rail_km":95.4,"water_km":5.1},"geometry":{"type":"Polygon","coordinates":[[[68.50627562929607,44.732472678269176],[68.52169244480538,44.89376162129906],[68.74852805372706,44.882532762616165],[68.73248622014962,44.721306428087075],[68.50627562929607,44.732472678269176]]]}},{"type":"Feature","id":"agro-26-12","properties":{"cell_id":"TKO-26-12","latitude":44.79615,"longitude":68.8537,"area_km2":324.0,"coverage_pct":100.0,"sample_count":1936,"active_vegetation_pct":13.8,"surface_water_pct":0.0,"ndvi":0.106,"ndwi":-0.23,"ndre":0.057,"ndmi":-0.134,"ndbi":0.134,"bsi":0.179,"soy":23,"rice":16,"cotton":30,"vegetables":34,"solar":67,"industrial_land":65,"best_crop":"vegetables","confidence":95,"period":"2025_summer","power_km":4.7,"rail_km":92.6,"water_km":2.1},"geometry":{"type":"Polygon","coordinates":[[[68.73248622014962,44.721306428087075],[68.74852805372706,44.882532762616165],[68.97522816556011,44.87085589214556],[68.95856268794729,44.70969463856322],[68.73248622014962,44.721306428087075]]]}},{"type":"Feature","id":"agro-26-13","properties":{"cell_id":"TKO-26-13","latitude":44.78429,"longitude":69.08002,"area_km2":324.0,"coverage_pct":100.0,"sample_count":1936,"active_vegetation_pct":16.5,"surface_water_pct":0.0,"ndvi":0.119,"ndwi":-0.234,"ndre":0.074,"ndmi":-0.133,"ndbi":0.133,"bsi":0.167,"soy":33,"rice":19,"cotton":37,"vegetables":41,"solar":57,"industrial_land":58,"best_crop":"vegetables","confidence":95,"period":"2025_summer","power_km":21.2,"rail_km":93.1,"water_km":3.2},"geometry":{"type":"Polygon","coordinates":[[[68.95856268794729,44.70969463856322],[68.97522816556011,44.87085589214556],[69.20178758893752,44.85873173941719],[69.18449989263725,44.697638032191115],[68.95856268794729,44.70969463856322]]]}},{"type":"Feature","id":"agro-26-14","properties":{"cell_id":"TKO-26-14","latitude":44.77197,"longitude":69.3062,"area_km2":324.0,"coverage_pct":100.0,"sample_count":1936,"active_vegetation_pct":14.7,"surface_water_pct":0.0,"ndvi":0.116,"ndwi":-0.245,"ndre":0.071,"ndmi":-0.14,"ndbi":0.14,"bsi":0.183,"soy":27,"rice":16,"cotton":32,"vegetables":34,"solar":70,"industrial_land":69,"best_crop":"vegetables","confidence":95,"period":"2025_summer","power_km":30.1,"rail_km":96.9,"water_km":7.0},"geometry":{"type":"Polygon","coordinates":[[[69.18449989263725,44.697638032191115],[69.20178758893752,44.85873173941719],[69.42820115318456,44.84616106104511],[69.4102927145007,44.68513735829475],[69.18449989263725,44.697638032191115]]]}},{"type":"Feature","id":"agro-26-15","properties":{"cell_id":"TKO-26-15","latitude":44.75922,"longitude":69.53222,"area_km2":324.0,"coverage_pct":100.0,"sample_count":1936,"active_vegetation_pct":8.5,"surface_water_pct":0.0,"ndvi":0.111,"ndwi":-0.243,"ndre":0.066,"ndmi":-0.135,"ndbi":0.135,"bsi":0.182,"soy":26,"rice":16,"cotton":31,"vegetables":34,"solar":69,"industrial_land":67,"best_crop":"vegetables","confidence":95,"period":"2025_summer","power_km":38.2,"rail_km":103.6,"water_km":18.2},"geometry":{"type":"Polygon","coordinates":[[[69.4102927145007,44.68513735829475],[69.42820115318456,44.84616106104511],[69.6544637090346,44.833144640584415],[69.63593605485588,44.67219339288775],[69.4102927145007,44.68513735829475]]]}},{"type":"Feature","id":"agro-26-16","properties":{"cell_id":"TKO-26-16","latitude":44.74263,"longitude":69.71502,"area_km2":199.2,"coverage_pct":61.5,"sample_count":1586,"active_vegetation_pct":10.0,"surface_water_pct":0.8,"ndvi":0.119,"ndwi":-0.244,"ndre":0.074,"ndmi":-0.133,"ndbi":0.133,"bsi":0.176,"soy":32,"rice":21,"cotton":36,"vegetables":39,"solar":63,"industrial_land":63,"best_crop":"vegetables","confidence":88,"period":"2025_summer","power_km":48.4,"rail_km":110.3,"water_km":21.0},"geometry":{"type":"Polygon","coordinates":[[[69.63593605485588,44.67219339288775],[69.6544637090346,44.833144640584415],[69.76291924083098,44.82674434097424],[69.80501198309842,44.66219830867764],[69.63593605485588,44.67219339288775]]]}},{"type":"Feature","id":"agro-27-7","properties":{"cell_id":"TKO-27-07","latitude":45.01027,"longitude":67.73343,"area_km2":324.0,"coverage_pct":100.0,"sample_count":1936,"active_vegetation_pct":1.4,"surface_water_pct":0.0,"ndvi":0.097,"ndwi":-0.195,"ndre":0.049,"ndmi":-0.123,"ndbi":0.123,"bsi":0.157,"soy":25,"rice":20,"cotton":32,"vegetables":40,"solar":53,"industrial_land":51,"best_crop":"vegetables","confidence":95,"period":"2025_summer","power_km":22.3,"rail_km":112.2,"water_km":0.7},"geometry":{"type":"Polygon","coordinates":[[[67.61309954907773,44.93418330309882],[67.62611284833604,45.09569029443997],[67.85407342182219,45.08620728592579],[67.84042484431662,44.92475324045092],[67.61309954907773,44.93418330309882]]]}},{"type":"Feature","id":"agro-27-8","properties":{"cell_id":"TKO-27-08","latitude":45.00058,"longitude":67.96101,"area_km2":324.0,"coverage_pct":100.0,"sample_count":1936,"active_vegetation_pct":0.8,"surface_water_pct":0.0,"ndvi":0.116,"ndwi":-0.232,"ndre":0.061,"ndmi":-0.159,"ndbi":0.159,"bsi":0.191,"soy":17,"rice":12,"cotton":25,"vegetables":29,"solar":77,"industrial_land":78,"best_crop":"vegetables","confidence":95,"period":"2025_summer","power_km":23.8,"rail_km":116.9,"water_km":1.6},"geometry":{"type":"Polygon","coordinates":[[[67.84042484431662,44.92475324045092],[67.85407342182219,45.08620728592579],[68.08191827360122,45.07627110946426],[68.06763560027686,44.91487252142657],[67.84042484431662,44.92475324045092]]]}},{"type":"Feature","id":"agro-27-9","properties":{"cell_id":"TKO-27-09","latitude":44.99045,"longitude":68.18848,"area_km2":324.0,"coverage_pct":100.0,"sample_count":1936,"active_vegetation_pct":7.2,"surface_water_pct":0.0,"ndvi":0.117,"ndwi":-0.235,"ndre":0.064,"ndmi":-0.154,"ndbi":0.154,"bsi":0.188,"soy":20,"rice":13,"cotton":27,"vegetables":31,"solar":74,"industrial_land":75,"best_crop":"vegetables","confidence":95,"period":"2025_summer","power_km":22.1,"rail_km":123.9,"water_km":0.6},"geometry":{"type":"Polygon","coordinates":[[[68.06763560027686,44.91487252142657],[68.08191827360122,45.07627110946426],[68.30964208346441,45.065882390994304],[68.2947265501308,44.904541765886556],[68.06763560027686,44.91487252142657]]]}},{"type":"Feature","id":"agro-27-10","properties":{"cell_id":"TKO-27-10","latitude":44.97986,"longitude":68.41583,"area_km2":324.0,"coverage_pct":100.0,"sample_count":1936,"active_vegetation_pct":8.7,"surface_water_pct":0.0,"ndvi":0.108,"ndwi":-0.236,"ndre":0.056,"ndmi":-0.153,"ndbi":0.153,"bsi":0.194,"soy":15,"rice":12,"cotton":23,"vegetables":27,"solar":80,"industrial_land":78,"best_crop":"vegetables","confidence":95,"period":"2025_summer","power_km":23.2,"rail_km":117.9,"water_km":3.5},"geometry":{"type":"Polygon","coordinates":[[[68.2947265501308,44.904541765886556],[68.30964208346441,45.065882390994304],[68.53723954927406,45.05504178432715],[68.52169244480538,44.89376162129906],[68.2947265501308,44.904541765886556]]]}},{"type":"Feature","id":"agro-27-11","properties":{"cell_id":"TKO-27-11","latitude":44.96883,"longitude":68.64304,"area_km2":324.0,"coverage_pct":100.0,"sample_count":1936,"active_vegetation_pct":6.5,"surface_water_pct":0.0,"ndvi":0.102,"ndwi":-0.229,"ndre":0.052,"ndmi":-0.15,"ndbi":0.15,"bsi":0.194,"soy":13,"rice":12,"cotton":22,"vegetables":26,"solar":80,"industrial_land":77,"best_crop":"vegetables","confidence":95,"period":"2025_summer","power_km":26.2,"rail_km":112.9,"water_km":6.2},"geometry":{"type":"Polygon","coordinates":[[[68.52169244480538,44.89376162129906],[68.53723954927406,45.05504178432715],[68.76470538772142,45.04374997102093],[68.74852805372706,44.882532762616165],[68.52169244480538,44.89376162129906]]]}},{"type":"Feature","id":"agro-27-12","properties":{"cell_id":"TKO-27-12","latitude":44.95734,"longitude":68.87012,"area_km2":324.0,"coverage_pct":100.0,"sample_count":1936,"active_vegetation_pct":0.0,"surface_water_pct":0.0,"ndvi":0.099,"ndwi":-0.228,"ndre":0.051,"ndmi":-0.141,"ndbi":0.141,"bsi":0.192,"soy":15,"rice":14,"cotton":24,"vegetables":28,"solar":78,"industrial_land":74,"best_crop":"vegetables","confidence":95,"period":"2025_summer","power_km":21.8,"rail_km":110.5,"water_km":18.4},"geometry":{"type":"Polygon","coordinates":[[[68.74852805372706,44.882532762616165],[68.76470538772142,45.04374997102093],[68.99203433507746,45.032007660250365],[68.97522816556011,44.87085589214556],[68.74852805372706,44.882532762616165]]]}},{"type":"Feature","id":"agro-27-13","properties":{"cell_id":"TKO-27-13","latitude":44.94541,"longitude":69.09707,"area_km2":324.0,"coverage_pct":100.0,"sample_count":1936,"active_vegetation_pct":0.2,"surface_water_pct":0.0,"ndvi":0.11,"ndwi":-0.237,"ndre":0.065,"ndmi":-0.139,"ndbi":0.139,"bsi":0.184,"soy":24,"rice":15,"cotton":30,"vegetables":33,"solar":71,"industrial_land":69,"best_crop":"vegetables","confidence":95,"period":"2025_summer","power_km":30.0,"rail_km":110.9,"water_km":13.7},"geometry":{"type":"Polygon","coordinates":[[[68.97522816556011,44.87085589214556],[68.99203433507746,45.032007660250365],[69.21922114793642,45.01981558867135],[69.20178758893752,44.85873173941719],[68.97522816556011,44.87085589214556]]]}},{"type":"Feature","id":"agro-27-14","properties":{"cell_id":"TKO-27-14","latitude":44.93303,"longitude":69.32387,"area_km2":324.0,"coverage_pct":100.0,"sample_count":1936,"active_vegetation_pct":7.5,"surface_water_pct":0.0,"ndvi":0.111,"ndwi":-0.234,"ndre":0.067,"ndmi":-0.137,"ndbi":0.137,"bsi":0.179,"soy":26,"rice":17,"cotton":32,"vegetables":36,"solar":67,"industrial_land":66,"best_crop":"vegetables","confidence":95,"period":"2025_summer","power_km":44.3,"rail_km":114.1,"water_km":3.3},"geometry":{"type":"Polygon","coordinates":[[[69.20178758893752,44.85873173941719],[69.21922114793642,45.01981558867135],[69.44626060395167,45.007174520280486],[69.42820115318456,44.84616106104511],[69.20178758893752,44.85873173941719]]]}},{"type":"Feature","id":"agro-27-15","properties":{"cell_id":"TKO-27-15","latitude":44.92019,"longitude":69.5505,"area_km2":323.9,"coverage_pct":100.0,"sample_count":1936,"active_vegetation_pct":9.3,"surface_water_pct":0.0,"ndvi":0.115,"ndwi":-0.246,"ndre":0.068,"ndmi":-0.132,"ndbi":0.132,"bsi":0.179,"soy":29,"rice":17,"cotton":34,"vegetables":36,"solar":66,"industrial_land":64,"best_crop":"vegetables","confidence":95,"period":"2025_summer","power_km":53.2,"rail_km":119.8,"water_km":0.2},"geometry":{"type":"Polygon","coordinates":[[[69.6544637090346,44.833144640584415],[69.42820115318456,44.84616106104511],[69.44626060395167,45.007174520280486],[69.67081322025194,44.994222238532714],[69.6544637090346,44.833144640584415]]]}},{"type":"Feature","id":"agro-27-16","properties":{"cell_id":"TKO-27-16","latitude":44.87659,"longitude":69.69445,"area_km2":62.2,"coverage_pct":19.2,"sample_count":801,"active_vegetation_pct":7.4,"surface_water_pct":0.0,"ndvi":0.119,"ndwi":-0.245,"ndre":0.073,"ndmi":-0.128,"ndbi":0.128,"bsi":0.171,"soy":34,"rice":19,"cotton":37,"vegetables":40,"solar":60,"industrial_land":59,"best_crop":"vegetables","confidence":72,"period":"2025_summer","power_km":56.4,"rail_km":121.4,"water_km":8.6},"geometry":{"type":"Polygon","coordinates":[[[69.6544637090346,44.833144640584415],[69.6725428942432,44.988898483737294],[69.7022628790001,44.89729309200008],[69.75968933000007,44.83934021100003],[69.76291924083098,44.82674434097424],[69.6544637090346,44.833144640584415]]]}},{"type":"Feature","id":"agro-28-5","properties":{"cell_id":"TKO-28-05","latitude":45.24151,"longitude":67.35744,"area_km2":53.8,"coverage_pct":16.6,"sample_count":990,"active_vegetation_pct":0.2,"surface_water_pct":0.0,"ndvi":0.1,"ndwi":-0.221,"ndre":0.05,"ndmi":-0.147,"ndbi":0.147,"bsi":0.194,"soy":13,"rice":13,"cotton":23,"vegetables":28,"solar":79,"industrial_land":76,"best_crop":"vegetables","confidence":75,"period":"2025_summer","power_km":10.1,"rail_km":122.0,"water_km":15.0},"geometry":{"type":"Polygon","coordinates":[[[67.41052381569334,45.26626967638069],[67.40431614754428,45.18609723488507],[67.25739239521312,45.27209149012251],[67.41052381569334,45.26626967638069]]]}},{"type":"Feature","id":"agro-28-6","properties":{"cell_id":"TKO-28-06","latitude":45.19887,"longitude":67.53108,"area_km2":243.5,"coverage_pct":75.1,"sample_count":1455,"active_vegetation_pct":0.8,"surface_water_pct":0.1,"ndvi":0.102,"ndwi":-0.223,"ndre":0.052,"ndmi":-0.14,"ndbi":0.14,"bsi":0.189,"soy":17,"rice":15,"cotton":26,"vegetables":31,"solar":75,"industrial_land":71,"best_crop":"vegetables","confidence":85,"period":"2025_summer","power_km":0.4,"rail_km":127.4,"water_km":22.4},"geometry":{"type":"Polygon","coordinates":[[[67.41052381569334,45.26626967638069],[67.63923653454258,45.257189723376726],[67.62611284833604,45.09569029443997],[67.6064568167159,45.09648651864019],[67.60632324200014,45.112968446000025],[67.4470825200001,45.16098404000001],[67.40431614754428,45.18609723488507],[67.41052381569334,45.26626967638069]]]}},{"type":"Feature","id":"agro-28-7","properties":{"cell_id":"TKO-28-07","latitude":45.17174,"longitude":67.74682,"area_km2":324.0,"coverage_pct":100.0,"sample_count":1936,"active_vegetation_pct":0.1,"surface_water_pct":0.0,"ndvi":0.096,"ndwi":-0.215,"ndre":0.049,"ndmi":-0.144,"ndbi":0.144,"bsi":0.185,"soy":14,"rice":14,"cotton":23,"vegetables":29,"solar":74,"industrial_land":71,"best_crop":"vegetables","confidence":95,"period":"2025_summer","power_km":4.4,"rail_km":129.9,"water_km":14.3},"geometry":{"type":"Polygon","coordinates":[[[67.62611284833604,45.09569029443997],[67.63923653454258,45.257189723376726],[67.86783772391948,45.24765347331515],[67.85407342182219,45.08620728592579],[67.62611284833604,45.09569029443997]]]}},{"type":"Feature","id":"agro-28-8","properties":{"cell_id":"TKO-28-08","latitude":45.16201,"longitude":67.97504,"area_km2":324.0,"coverage_pct":100.0,"sample_count":1936,"active_vegetation_pct":0.0,"surface_water_pct":0.0,"ndvi":0.093,"ndwi":-0.203,"ndre":0.045,"ndmi":-0.11,"ndbi":0.11,"bsi":0.159,"soy":27,"rice":22,"cotton":34,"vegetables":42,"solar":52,"industrial_land":48,"best_crop":"vegetables","confidence":95,"period":"2025_summer","power_km":5.9,"rail_km":133.9,"water_km":14.7},"geometry":{"type":"Polygon","coordinates":[[[67.85407342182219,45.08620728592579],[67.86783772391948,45.24765347331515],[68.09632199185342,45.237661530028376],[68.08191827360122,45.07627110946426],[67.85407342182219,45.08620728592579]]]}},{"type":"Feature","id":"agro-28-9","properties":{"cell_id":"TKO-28-09","latitude":45.15182,"longitude":68.20314,"area_km2":324.0,"coverage_pct":100.0,"sample_count":1936,"active_vegetation_pct":0.8,"surface_water_pct":0.0,"ndvi":0.099,"ndwi":-0.222,"ndre":0.052,"ndmi":-0.145,"ndbi":0.145,"bsi":0.188,"soy":15,"rice":14,"cotton":23,"vegetables":29,"solar":76,"industrial_land":73,"best_crop":"vegetables","confidence":95,"period":"2025_summer","power_km":5.2,"rail_km":140.1,"water_km":15.4},"geometry":{"type":"Polygon","coordinates":[[[68.08191827360122,45.07627110946426],[68.09632199185342,45.237661530028376],[68.32468396398987,45.2272145256115],[68.30964208346441,45.065882390994304],[68.08191827360122,45.07627110946426]]]}},{"type":"Feature","id":"agro-28-10","properties":{"cell_id":"TKO-28-10","latitude":45.14117,"longitude":68.43112,"area_km2":324.0,"coverage_pct":100.0,"sample_count":1936,"active_vegetation_pct":0.0,"surface_water_pct":0.0,"ndvi":0.095,"ndwi":-0.225,"ndre":0.05,"ndmi":-0.156,"ndbi":0.156,"bsi":0.198,"soy":8,"rice":10,"cotton":18,"vegetables":23,"solar":85,"industrial_land":82,"best_crop":"vegetables","confidence":95,"period":"2025_summer","power_km":6.0,"rail_km":134.9,"water_km":21.0},"geometry":{"type":"Polygon","coordinates":[[[68.30964208346441,45.065882390994304],[68.32468396398987,45.2272145256115],[68.55291828436857,45.21631312030018],[68.53723954927406,45.05504178432715],[68.30964208346441,45.065882390994304]]]}},{"type":"Feature","id":"agro-28-11","properties":{"cell_id":"TKO-28-11","latitude":45.13007,"longitude":68.65897,"area_km2":324.0,"coverage_pct":100.0,"sample_count":1936,"active_vegetation_pct":0.0,"surface_water_pct":0.0,"ndvi":0.1,"ndwi":-0.233,"ndre":0.053,"ndmi":-0.161,"ndbi":0.161,"bsi":0.202,"soy":8,"rice":9,"cotton":17,"vegetables":22,"solar":88,"industrial_land":85,"best_crop":"vegetables","confidence":95,"period":"2025_summer","power_km":11.0,"rail_km":130.5,"water_km":23.8},"geometry":{"type":"Polygon","coordinates":[[[68.53723954927406,45.05504178432715],[68.55291828436857,45.21631312030018],[68.78101961619456,45.20495800234326],[68.76470538772142,45.04374997102093],[68.53723954927406,45.05504178432715]]]}},{"type":"Feature","id":"agro-28-12","properties":{"cell_id":"TKO-28-12","latitude":45.11852,"longitude":68.88669,"area_km2":324.0,"coverage_pct":100.0,"sample_count":1936,"active_vegetation_pct":0.0,"surface_water_pct":0.0,"ndvi":0.101,"ndwi":-0.231,"ndre":0.053,"ndmi":-0.159,"ndbi":0.159,"bsi":0.2,"soy":9,"rice":10,"cotton":18,"vegetables":23,"solar":86,"industrial_land":84,"best_crop":"vegetables","confidence":95,"period":"2025_summer","power_km":15.2,"rail_km":128.5,"water_km":31.1},"geometry":{"type":"Polygon","coordinates":[[[68.76470538772142,45.04374997102093],[68.78101961619456,45.20495800234326],[69.00898264260198,45.19314988787036],[68.99203433507746,45.032007660250365],[68.76470538772142,45.04374997102093]]]}},{"type":"Feature","id":"agro-28-13","properties":{"cell_id":"TKO-28-13","latitude":45.10652,"longitude":69.11426,"area_km2":324.0,"coverage_pct":100.0,"sample_count":1936,"active_vegetation_pct":0.0,"surface_water_pct":0.0,"ndvi":0.107,"ndwi":-0.239,"ndre":0.062,"ndmi":-0.146,"ndbi":0.146,"bsi":0.191,"soy":19,"rice":13,"cotton":26,"vegetables":29,"solar":77,"industrial_land":75,"best_crop":"vegetables","confidence":95,"period":"2025_summer","power_km":21.9,"rail_km":128.8,"water_km":28.0},"geometry":{"type":"Polygon","coordinates":[[[68.99203433507746,45.032007660250365],[69.00898264260198,45.19314988787036],[69.23680206741042,45.18088952075425],[69.21922114793642,45.01981558867135],[68.99203433507746,45.032007660250365]]]}},{"type":"Feature","id":"agro-28-14","properties":{"cell_id":"TKO-28-14","latitude":45.09407,"longitude":69.34169,"area_km2":324.0,"coverage_pct":100.0,"sample_count":1936,"active_vegetation_pct":0.0,"surface_water_pct":0.0,"ndvi":0.111,"ndwi":-0.24,"ndre":0.065,"ndmi":-0.15,"ndbi":0.15,"bsi":0.192,"soy":19,"rice":13,"cotton":26,"vegetables":29,"solar":78,"industrial_land":76,"best_crop":"vegetables","confidence":95,"period":"2025_summer","power_km":36.7,"rail_km":131.5,"water_km":17.4},"geometry":{"type":"Polygon","coordinates":[[[69.21922114793642,45.01981558867135],[69.23680206741042,45.18088952075425],[69.46447261587336,45.168177672468325],[69.44626060395167,45.007174520280486],[69.21922114793642,45.01981558867135]]]}},{"type":"Feature","id":"agro-28-15","properties":{"cell_id":"TKO-28-15","latitude":45.07706,"longitude":69.55023,"area_km2":268.9,"coverage_pct":83.0,"sample_count":1625,"active_vegetation_pct":0.0,"surface_water_pct":0.0,"ndvi":0.115,"ndwi":-0.243,"ndre":0.07,"ndmi":-0.159,"ndbi":0.159,"bsi":0.196,"soy":18,"rice":11,"cotton":25,"vegetables":28,"solar":81,"industrial_land":81,"best_crop":"vegetables","confidence":89,"period":"2025_summer","power_km":52.1,"rail_km":135.5,"water_km":14.4},"geometry":{"type":"Polygon","coordinates":[[[69.44626060395167,45.007174520280486],[69.46447261587336,45.168177672468325],[69.61701078501622,45.159403614163196],[69.67081322025194,44.994222238532714],[69.44626060395167,45.007174520280486]]]}},{"type":"Feature","id":"agro-29-5","properties":{"cell_id":"TKO-29-05","latitude":45.34442,"longitude":67.35088,"area_km2":183.1,"coverage_pct":56.5,"sample_count":1627,"active_vegetation_pct":0.4,"surface_water_pct":0.0,"ndvi":0.097,"ndwi":-0.225,"ndre":0.046,"ndmi":-0.131,"ndbi":0.131,"bsi":0.189,"soy":17,"rice":15,"cotton":26,"vegetables":30,"solar":74,"industrial_land":68,"best_crop":"vegetables","confidence":89,"period":"2025_summer","power_km":17.0,"rail_km":128.8,"water_km":10.3},"geometry":{"type":"Polygon","coordinates":[[[67.42311186407296,45.42781250517208],[67.41052381569334,45.26626967638069],[67.25739239521312,45.27209149012251],[67.31819544098049,45.43183481271105],[67.42311186407296,45.42781250517208]]]}},{"type":"Feature","id":"agro-29-6","properties":{"cell_id":"TKO-29-06","latitude":45.34255,"longitude":67.53134,"area_km2":324.0,"coverage_pct":100.0,"sample_count":1936,"active_vegetation_pct":0.0,"surface_water_pct":0.0,"ndvi":0.101,"ndwi":-0.224,"ndre":0.052,"ndmi":-0.154,"ndbi":0.154,"bsi":0.199,"soy":11,"rice":11,"cotton":21,"vegetables":25,"solar":84,"industrial_land":80,"best_crop":"vegetables","confidence":95,"period":"2025_summer","power_km":6.4,"rail_km":139.5,"water_km":23.4},"geometry":{"type":"Polygon","coordinates":[[[67.41052381569334,45.26626967638069],[67.42311186407296,45.42781250517208],[67.65247175302687,45.418681556679296],[67.63923653454258,45.257189723376726],[67.41052381569334,45.26626967638069]]]}},{"type":"Feature","id":"agro-29-7","properties":{"cell_id":"TKO-29-07","latitude":45.33321,"longitude":67.76032,"area_km2":324.0,"coverage_pct":100.0,"sample_count":1936,"active_vegetation_pct":0.0,"surface_water_pct":0.0,"ndvi":0.092,"ndwi":-0.217,"ndre":0.046,"ndmi":-0.164,"ndbi":0.164,"bsi":0.201,"soy":3,"rice":9,"cotton":14,"vegetables":20,"solar":88,"industrial_land":86,"best_crop":"vegetables","confidence":95,"period":"2025_summer","power_km":6.9,"rail_km":147.7,"water_km":32.3},"geometry":{"type":"Polygon","coordinates":[[[67.63923653454258,45.257189723376726],[67.65247175302687,45.418681556679296],[67.88171895039596,45.40909176602984],[67.86783772391948,45.24765347331515],[67.63923653454258,45.257189723376726]]]}},{"type":"Feature","id":"agro-29-8","properties":{"cell_id":"TKO-29-08","latitude":45.32342,"longitude":67.98918,"area_km2":324.0,"coverage_pct":100.0,"sample_count":1936,"active_vegetation_pct":0.2,"surface_water_pct":0.0,"ndvi":0.09,"ndwi":-0.216,"ndre":0.047,"ndmi":-0.167,"ndbi":0.167,"bsi":0.202,"soy":2,"rice":9,"cotton":13,"vegetables":19,"solar":90,"industrial_land":87,"best_crop":"vegetables","confidence":95,"period":"2025_summer","power_km":12.1,"rail_km":151.2,"water_km":32.6},"geometry":{"type":"Polygon","coordinates":[[[67.86783772391948,45.24765347331515],[67.88171895039596,45.40909176602984],[68.11084800896899,45.399043743018225],[68.09632199185342,45.237661530028376],[67.86783772391948,45.24765347331515]]]}},{"type":"Feature","id":"agro-29-9","properties":{"cell_id":"TKO-29-09","latitude":45.31317,"longitude":68.21793,"area_km2":324.0,"coverage_pct":100.0,"sample_count":1936,"active_vegetation_pct":0.0,"surface_water_pct":0.0,"ndvi":0.092,"ndwi":-0.218,"ndre":0.048,"ndmi":-0.155,"ndbi":0.155,"bsi":0.195,"soy":7,"rice":11,"cotton":17,"vegetables":23,"solar":83,"industrial_land":80,"best_crop":"vegetables","confidence":95,"period":"2025_summer","power_km":11.6,"rail_km":156.7,"water_km":33.3},"geometry":{"type":"Polygon","coordinates":[[[68.09632199185342,45.237661530028376],[68.11084800896899,45.399043743018225],[68.33985349946751,45.38853812597518],[68.32468396398987,45.2272145256115],[68.09632199185342,45.237661530028376]]]}},{"type":"Feature","id":"agro-29-10","properties":{"cell_id":"TKO-29-10","latitude":45.30247,"longitude":68.44655,"area_km2":324.0,"coverage_pct":100.0,"sample_count":1936,"active_vegetation_pct":0.0,"surface_water_pct":0.0,"ndvi":0.091,"ndwi":-0.22,"ndre":0.047,"ndmi":-0.162,"ndbi":0.162,"bsi":0.201,"soy":3,"rice":9,"cotton":14,"vegetables":20,"solar":88,"industrial_land":86,"best_crop":"vegetables","confidence":95,"period":"2025_summer","power_km":11.3,"rail_km":152.1,"water_km":38.7},"geometry":{"type":"Polygon","coordinates":[[[68.32468396398987,45.2272145256115],[68.33985349946751,45.38853812597518],[68.56873001133751,45.37757558164361],[68.55291828436857,45.21631312030018],[68.32468396398987,45.2272145256115]]]}},{"type":"Feature","id":"agro-29-11","properties":{"cell_id":"TKO-29-11","latitude":45.29131,"longitude":68.67504,"area_km2":324.0,"coverage_pct":100.0,"sample_count":1936,"active_vegetation_pct":0.0,"surface_water_pct":0.0,"ndvi":0.096,"ndwi":-0.229,"ndre":0.05,"ndmi":-0.161,"ndbi":0.161,"bsi":0.201,"soy":6,"rice":9,"cotton":16,"vegetables":21,"solar":88,"industrial_land":85,"best_crop":"vegetables","confidence":95,"period":"2025_summer","power_km":6.2,"rail_km":148.2,"water_km":41.5},"geometry":{"type":"Polygon","coordinates":[[[68.55291828436857,45.21631312030018],[68.56873001133751,45.37757558164361],[68.797472153534,45.36615680504919],[68.78101961619456,45.20495800234326],[68.55291828436857,45.21631312030018]]]}},{"type":"Feature","id":"agro-29-12","properties":{"cell_id":"TKO-29-12","latitude":45.27969,"longitude":68.90339,"area_km2":324.0,"coverage_pct":100.0,"sample_count":1936,"active_vegetation_pct":0.1,"surface_water_pct":0.0,"ndvi":0.096,"ndwi":-0.223,"ndre":0.051,"ndmi":-0.154,"ndbi":0.154,"bsi":0.194,"soy":10,"rice":11,"cotton":19,"vegetables":25,"solar":82,"industrial_land":79,"best_crop":"vegetables","confidence":95,"period":"2025_summer","power_km":0.8,"rail_km":146.4,"water_km":46.4},"geometry":{"type":"Polygon","coordinates":[[[68.78101961619456,45.20495800234326],[68.797472153534,45.36615680504919],[69.02607455529801,45.35428251936581],[69.00898264260198,45.19314988787036],[68.78101961619456,45.20495800234326]]]}},{"type":"Feature","id":"agro-29-13","properties":{"cell_id":"TKO-29-13","latitude":45.26763,"longitude":69.1316,"area_km2":324.0,"coverage_pct":100.0,"sample_count":1936,"active_vegetation_pct":0.0,"surface_water_pct":0.0,"ndvi":0.1,"ndwi":-0.225,"ndre":0.053,"ndmi":-0.155,"ndbi":0.155,"bsi":0.195,"soy":11,"rice":11,"cotton":20,"vegetables":25,"solar":82,"industrial_land":80,"best_crop":"vegetables","confidence":95,"period":"2025_summer","power_km":14.5,"rail_km":146.7,"water_km":42.0},"geometry":{"type":"Polygon","coordinates":[[[69.00898264260198,45.19314988787036],[69.02607455529801,45.35428251936581],[69.25453186692592,45.34195347577581],[69.23680206741042,45.18088952075425],[69.00898264260198,45.19314988787036]]]}},{"type":"Feature","id":"agro-29-14","properties":{"cell_id":"TKO-29-14","latitude":45.25511,"longitude":69.35966,"area_km2":324.0,"coverage_pct":100.0,"sample_count":1936,"active_vegetation_pct":0.0,"surface_water_pct":0.0,"ndvi":0.107,"ndwi":-0.238,"ndre":0.059,"ndmi":-0.16,"ndbi":0.16,"bsi":0.201,"soy":12,"rice":10,"cotton":20,"vegetables":24,"solar":86,"industrial_land":84,"best_crop":"vegetables","confidence":95,"period":"2025_summer","power_km":32.4,"rail_km":149.1,"water_km":34.6},"geometry":{"type":"Polygon","coordinates":[[[69.23680206741042,45.18088952075425],[69.25453186692592,45.34195347577581],[69.4828387605308,45.32917045332508],[69.46447261587336,45.168177672468325],[69.23680206741042,45.18088952075425]]]}},{"type":"Feature","id":"agro-29-15","properties":{"cell_id":"TKO-29-15","latitude":45.23584,"longitude":69.53231,"area_km2":163.2,"coverage_pct":50.4,"sample_count":1453,"active_vegetation_pct":0.0,"surface_water_pct":0.0,"ndvi":0.11,"ndwi":-0.239,"ndre":0.062,"ndmi":-0.168,"ndbi":0.168,"bsi":0.205,"soy":11,"rice":9,"cotton":20,"vegetables":23,"solar":87,"industrial_land":87,"best_crop":"vegetables","confidence":85,"period":"2025_summer","power_km":46.1,"rail_km":151.2,"water_km":32.1},"geometry":{"type":"Polygon","coordinates":[[[69.46447261587336,45.168177672468325],[69.4828387605308,45.32917045332508],[69.55175306759168,45.32522107890844],[69.57863616900016,45.27672576900011],[69.61701078501622,45.159403614163196],[69.46447261587336,45.168177672468325]]]}},{"type":"Feature","id":"agro-30-5","properties":{"cell_id":"TKO-30-05","latitude":45.50846,"longitude":67.37935,"area_km2":140.4,"coverage_pct":43.3,"sample_count":1837,"active_vegetation_pct":0.1,"surface_water_pct":0.0,"ndvi":0.099,"ndwi":-0.224,"ndre":0.045,"ndmi":-0.107,"ndbi":0.107,"bsi":0.172,"soy":28,"rice":21,"cotton":35,"vegetables":39,"solar":59,"industrial_land":52,"best_crop":"vegetables","confidence":93,"period":"2025_summer","power_km":28.1,"rail_km":142.1,"water_km":9.0},"geometry":{"type":"Polygon","coordinates":[[[67.43580714241365,45.58934799312472],[67.42311186407296,45.42781250517208],[67.31819544098049,45.43183481271105],[67.32984924400017,45.54156112700009],[67.35137607324452,45.592601595583545],[67.43580714241365,45.58934799312472]]]}},{"type":"Feature","id":"agro-30-6","properties":{"cell_id":"TKO-30-06","latitude":45.50406,"longitude":67.5443,"area_km2":324.0,"coverage_pct":100.0,"sample_count":1936,"active_vegetation_pct":0.1,"surface_water_pct":0.0,"ndvi":0.102,"ndwi":-0.228,"ndre":0.051,"ndmi":-0.151,"ndbi":0.151,"bsi":0.197,"soy":12,"rice":12,"cotton":22,"vegetables":26,"solar":82,"industrial_land":79,"best_crop":"vegetables","confidence":95,"period":"2025_summer","power_km":17.5,"rail_km":151.5,"water_km":21.8},"geometry":{"type":"Polygon","coordinates":[[[67.42311186407296,45.42781250517208],[67.43580714241365,45.58934799312472],[67.66581966595187,45.58016576078658],[67.65247175302687,45.418681556679296],[67.42311186407296,45.42781250517208]]]}},{"type":"Feature","id":"agro-30-7","properties":{"cell_id":"TKO-30-07","latitude":45.49467,"longitude":67.77393,"area_km2":324.0,"coverage_pct":100.0,"sample_count":1936,"active_vegetation_pct":0.0,"surface_water_pct":0.0,"ndvi":0.095,"ndwi":-0.216,"ndre":0.049,"ndmi":-0.164,"ndbi":0.164,"bsi":0.199,"soy":5,"rice":10,"cotton":16,"vegetables":22,"solar":86,"industrial_land":85,"best_crop":"vegetables","confidence":95,"period":"2025_summer","power_km":1.9,"rail_km":164.6,"water_km":39.7},"geometry":{"type":"Polygon","coordinates":[[[67.65247175302687,45.418681556679296],[67.66581966595187,45.58016576078658],[67.89571831865749,45.570522127101945],[67.88171895039596,45.40909176602984],[67.65247175302687,45.418681556679296]]]}},{"type":"Feature","id":"agro-30-8","properties":{"cell_id":"TKO-30-08","latitude":45.48483,"longitude":68.00345,"area_km2":324.0,"coverage_pct":100.0,"sample_count":1936,"active_vegetation_pct":0.0,"surface_water_pct":0.0,"ndvi":0.095,"ndwi":-0.218,"ndre":0.049,"ndmi":-0.169,"ndbi":0.169,"bsi":0.2,"soy":4,"rice":9,"cotton":15,"vegetables":21,"solar":87,"industrial_land":86,"best_crop":"vegetables","confidence":95,"period":"2025_summer","power_km":13.8,"rail_km":168.7,"water_km":50.6},"geometry":{"type":"Polygon","coordinates":[[[67.88171895039596,45.40909176602984],[67.89571831865749,45.570522127101945],[68.12549759728002,45.560417707904854],[68.11084800896899,45.399043743018225],[67.88171895039596,45.40909176602984]]]}},{"type":"Feature","id":"agro-30-9","properties":{"cell_id":"TKO-30-09","latitude":45.47452,"longitude":68.23284,"area_km2":324.0,"coverage_pct":100.0,"sample_count":1936,"active_vegetation_pct":0.0,"surface_water_pct":0.0,"ndvi":0.102,"ndwi":-0.217,"ndre":0.055,"ndmi":-0.167,"ndbi":0.167,"bsi":0.194,"soy":8,"rice":10,"cotton":18,"vegetables":25,"solar":82,"industrial_land":82,"best_crop":"vegetables","confidence":95,"period":"2025_summer","power_km":16.4,"rail_km":173.5,"water_km":51.2},"geometry":{"type":"Polygon","coordinates":[[[68.11084800896899,45.399043743018225],[68.12549759728002,45.560417707904854],[68.35515201682536,45.54985314784255],[68.33985349946751,45.38853812597518],[68.11084800896899,45.399043743018225]]]}},{"type":"Feature","id":"agro-30-10","properties":{"cell_id":"TKO-30-10","latitude":45.46376,"longitude":68.4621,"area_km2":324.0,"coverage_pct":100.0,"sample_count":1936,"active_vegetation_pct":0.0,"surface_water_pct":0.0,"ndvi":0.099,"ndwi":-0.22,"ndre":0.053,"ndmi":-0.17,"ndbi":0.17,"bsi":0.2,"soy":6,"rice":9,"cotton":17,"vegetables":22,"solar":87,"industrial_land":85,"best_crop":"vegetables","confidence":95,"period":"2025_summer","power_km":9.1,"rail_km":169.5,"water_km":54.9},"geometry":{"type":"Polygon","coordinates":[[[68.33985349946751,45.38853812597518],[68.35515201682536,45.54985314784255],[68.58467611136119,45.53882912024945],[68.56873001133751,45.37757558164361],[68.33985349946751,45.38853812597518]]]}},{"type":"Feature","id":"agro-30-11","properties":{"cell_id":"TKO-30-11","latitude":45.45254,"longitude":68.69124,"area_km2":324.0,"coverage_pct":100.0,"sample_count":1936,"active_vegetation_pct":0.0,"surface_water_pct":0.0,"ndvi":0.096,"ndwi":-0.218,"ndre":0.049,"ndmi":-0.165,"ndbi":0.165,"bsi":0.198,"soy":5,"rice":9,"cotton":15,"vegetables":22,"solar":86,"industrial_land":85,"best_crop":"vegetables","confidence":95,"period":"2025_summer","power_km":3.6,"rail_km":166.0,"water_km":59.4},"geometry":{"type":"Polygon","coordinates":[[[68.56873001133751,45.37757558164361],[68.58467611136119,45.53882912024945],[68.81406443481539,45.52734632701574],[68.797472153534,45.36615680504919],[68.56873001133751,45.37757558164361]]]}},{"type":"Feature","id":"agro-30-12","properties":{"cell_id":"TKO-30-12","latitude":45.44086,"longitude":68.92023,"area_km2":324.0,"coverage_pct":100.0,"sample_count":1936,"active_vegetation_pct":0.0,"surface_water_pct":0.0,"ndvi":0.098,"ndwi":-0.23,"ndre":0.052,"ndmi":-0.161,"ndbi":0.161,"bsi":0.201,"soy":7,"rice":9,"cotton":17,"vegetables":21,"solar":87,"industrial_land":85,"best_crop":"vegetables","confidence":95,"period":"2025_summer","power_km":10.5,"rail_km":164.4,"water_km":63.0},"geometry":{"type":"Polygon","coordinates":[[[68.797472153534,45.36615680504919],[68.81406443481539,45.52734632701574],[69.04331156176649,45.51540549845052],[69.02607455529801,45.35428251936581],[68.797472153534,45.36615680504919]]]}},{"type":"Feature","id":"agro-30-13","properties":{"cell_id":"TKO-30-13","latitude":45.42872,"longitude":69.14908,"area_km2":324.0,"coverage_pct":100.0,"sample_count":1936,"active_vegetation_pct":0.0,"surface_water_pct":0.0,"ndvi":0.098,"ndwi":-0.221,"ndre":0.052,"ndmi":-0.157,"ndbi":0.157,"bsi":0.195,"soy":9,"rice":11,"cotton":19,"vegetables":25,"solar":82,"industrial_land":80,"best_crop":"vegetables","confidence":95,"period":"2025_summer","power_km":22.6,"rail_km":164.6,"water_km":57.5},"geometry":{"type":"Polygon","coordinates":[[[69.02607455529801,45.35428251936581],[69.04331156176649,45.51540549845052],[69.27241208822626,45.503007393139946],[69.25453186692592,45.34195347577581],[69.02607455529801,45.35428251936581]]]}},{"type":"Feature","id":"agro-30-14","properties":{"cell_id":"TKO-30-14","latitude":45.41412,"longitude":69.37383,"area_km2":312.4,"coverage_pct":96.4,"sample_count":1865,"active_vegetation_pct":0.0,"surface_water_pct":0.0,"ndvi":0.103,"ndwi":-0.226,"ndre":0.057,"ndmi":-0.155,"ndbi":0.155,"bsi":0.193,"soy":13,"rice":12,"cotton":22,"vegetables":27,"solar":80,"industrial_land":78,"best_crop":"vegetables","confidence":94,"period":"2025_summer","power_km":36.4,"rail_km":166.4,"water_km":51.9},"geometry":{"type":"Polygon","coordinates":[[[69.4828387605308,45.32917045332508],[69.25453186692592,45.34195347577581],[69.27241208822626,45.503007393139946],[69.45863202564549,45.49258712692898],[69.49426634980131,45.428654928781114],[69.4828387605308,45.32917045332508]]]}},{"type":"Feature","id":"agro-30-15","properties":{"cell_id":"TKO-30-15","latitude":45.36102,"longitude":69.50963,"area_km2":30.2,"coverage_pct":9.3,"sample_count":990,"active_vegetation_pct":0.0,"surface_water_pct":0.0,"ndvi":0.103,"ndwi":-0.232,"ndre":0.056,"ndmi":-0.154,"ndbi":0.154,"bsi":0.196,"soy":13,"rice":11,"cotton":21,"vegetables":26,"solar":82,"industrial_land":80,"best_crop":"vegetables","confidence":75,"period":"2025_summer","power_km":44.8,"rail_km":163.7,"water_km":46.0},"geometry":{"type":"Polygon","coordinates":[[[69.4828387605308,45.32917045332508],[69.49426634980131,45.428654928781114],[69.55175306759168,45.32522107890844],[69.4828387605308,45.32917045332508]]]}},{"type":"Feature","id":"agro-31-5","properties":{"cell_id":"TKO-31-05","latitude":45.63243,"longitude":67.40954,"area_km2":47.5,"coverage_pct":14.6,"sample_count":774,"active_vegetation_pct":0.0,"surface_water_pct":0.0,"ndvi":0.11,"ndwi":-0.23,"ndre":0.055,"ndmi":-0.167,"ndbi":0.167,"bsi":0.202,"soy":10,"rice":9,"cotton":19,"vegetables":24,"solar":86,"industrial_land":85,"best_crop":"vegetables","confidence":71,"period":"2025_summer","power_km":34.0,"rail_km":153.2,"water_km":8.5},"geometry":{"type":"MultiPolygon","coordinates":[[[[67.43580714241365,45.58934799312472],[67.35137607324452,45.592601595583545],[67.36110687200005,45.61563873299997],[67.421783447,45.67601394700018],[67.44562336702936,45.713310968081814],[67.43580714241365,45.58934799312472]]],[[[67.4486107736637,45.750876109634866],[67.44686696940728,45.728957730653974],[67.43687355700445,45.75133342194613],[67.4486107736637,45.750876109634866]]]]}},{"type":"Feature","id":"agro-31-6","properties":{"cell_id":"TKO-31-06","latitude":45.66552,"longitude":67.55748,"area_km2":323.7,"coverage_pct":99.9,"sample_count":1934,"active_vegetation_pct":0.0,"surface_water_pct":0.0,"ndvi":0.115,"ndwi":-0.234,"ndre":0.061,"ndmi":-0.171,"ndbi":0.171,"bsi":0.205,"soy":13,"rice":10,"cotton":22,"vegetables":25,"solar":86,"industrial_land":85,"best_crop":"vegetables","confidence":95,"period":"2025_summer","power_km":26.3,"rail_km":163.9,"water_km":18.0},"geometry":{"type":"Polygon","coordinates":[[[67.4486107736637,45.750876109634866],[67.67928145261696,45.7416423017974],[67.66581966595187,45.58016576078658],[67.43580714241365,45.58934799312472],[67.44562336702936,45.713310968081814],[67.45046997100013,45.72088623000007],[67.44686696940728,45.728957730653974],[67.4486107736637,45.750876109634866]]]}},{"type":"Feature","id":"agro-31-7","properties":{"cell_id":"TKO-31-07","latitude":45.65613,"longitude":67.78766,"area_km2":324.0,"coverage_pct":100.0,"sample_count":1936,"active_vegetation_pct":0.0,"surface_water_pct":0.0,"ndvi":0.102,"ndwi":-0.224,"ndre":0.054,"ndmi":-0.169,"ndbi":0.169,"bsi":0.202,"soy":7,"rice":9,"cotton":17,"vegetables":22,"solar":87,"industrial_land":86,"best_crop":"vegetables","confidence":95,"period":"2025_summer","power_km":9.7,"rail_km":176.6,"water_km":34.7},"geometry":{"type":"Polygon","coordinates":[[[67.66581966595187,45.58016576078658],[67.67928145261696,45.7416423017974],[67.909837064045,45.731944519175165],[67.89571831865749,45.570522127101945],[67.66581966595187,45.58016576078658]]]}},{"type":"Feature","id":"agro-31-8","properties":{"cell_id":"TKO-31-08","latitude":45.64623,"longitude":68.01783,"area_km2":324.0,"coverage_pct":100.0,"sample_count":1936,"active_vegetation_pct":0.1,"surface_water_pct":0.0,"ndvi":0.091,"ndwi":-0.215,"ndre":0.046,"ndmi":-0.166,"ndbi":0.166,"bsi":0.2,"soy":2,"rice":9,"cotton":13,"vegetables":20,"solar":88,"industrial_land":86,"best_crop":"vegetables","confidence":95,"period":"2025_summer","power_km":2.5,"rail_km":186.2,"water_km":52.2},"geometry":{"type":"Polygon","coordinates":[[[67.89571831865749,45.570522127101945],[67.909837064045,45.731944519175165],[68.14027204784546,45.72178338372051],[68.12549759728002,45.560417707904854],[67.89571831865749,45.570522127101945]]]}},{"type":"Feature","id":"agro-31-9","properties":{"cell_id":"TKO-31-09","latitude":45.63586,"longitude":68.24788,"area_km2":324.0,"coverage_pct":100.0,"sample_count":1936,"active_vegetation_pct":0.0,"surface_water_pct":0.0,"ndvi":0.101,"ndwi":-0.224,"ndre":0.055,"ndmi":-0.166,"ndbi":0.166,"bsi":0.198,"soy":8,"rice":9,"cotton":17,"vegetables":23,"solar":85,"industrial_land":85,"best_crop":"vegetables","confidence":95,"period":"2025_summer","power_km":1.5,"rail_km":190.6,"water_km":69.2},"geometry":{"type":"Polygon","coordinates":[[[68.12549759728002,45.560417707904854],[68.14027204784546,45.72178338372051],[68.37058086250289,45.711159546479536],[68.35515201682536,45.54985314784255],[68.12549759728002,45.560417707904854]]]}},{"type":"Feature","id":"agro-31-10","properties":{"cell_id":"TKO-31-10","latitude":45.62504,"longitude":68.47779,"area_km2":324.0,"coverage_pct":100.0,"sample_count":1936,"active_vegetation_pct":0.0,"surface_water_pct":0.0,"ndvi":0.102,"ndwi":-0.221,"ndre":0.053,"ndmi":-0.165,"ndbi":0.165,"bsi":0.197,"soy":8,"rice":10,"cotton":18,"vegetables":24,"solar":84,"industrial_land":84,"best_crop":"vegetables","confidence":95,"period":"2025_summer","power_km":1.0,"rail_km":186.9,"water_km":71.9},"geometry":{"type":"Polygon","coordinates":[[[68.35515201682536,45.54985314784255],[68.37058086250289,45.711159546479536],[68.6007579859085,45.700073687463956],[68.58467611136119,45.53882912024945],[68.35515201682536,45.54985314784255]]]}},{"type":"Feature","id":"agro-31-11","properties":{"cell_id":"TKO-31-11","latitude":45.61375,"longitude":68.70757,"area_km2":324.0,"coverage_pct":100.0,"sample_count":1936,"active_vegetation_pct":0.0,"surface_water_pct":0.0,"ndvi":0.095,"ndwi":-0.218,"ndre":0.048,"ndmi":-0.167,"ndbi":0.167,"bsi":0.199,"soy":4,"rice":9,"cotton":15,"vegetables":21,"solar":87,"industrial_land":86,"best_crop":"vegetables","confidence":95,"period":"2025_summer","power_km":8.9,"rail_km":183.8,"water_km":77.3},"geometry":{"type":"Polygon","coordinates":[[[68.58467611136119,45.53882912024945],[68.6007579859085,45.700073687463956],[68.83079791617237,45.68852651551759],[68.81406443481539,45.52734632701574],[68.58467611136119,45.53882912024945]]]}},{"type":"Feature","id":"agro-31-12","properties":{"cell_id":"TKO-31-12","latitude":45.60201,"longitude":68.93722,"area_km2":324.0,"coverage_pct":100.0,"sample_count":1936,"active_vegetation_pct":0.0,"surface_water_pct":0.0,"ndvi":0.1,"ndwi":-0.225,"ndre":0.054,"ndmi":-0.169,"ndbi":0.169,"bsi":0.202,"soy":6,"rice":9,"cotton":17,"vegetables":22,"solar":88,"industrial_land":87,"best_crop":"vegetables","confidence":95,"period":"2025_summer","power_km":21.6,"rail_km":182.3,"water_km":80.2},"geometry":{"type":"Polygon","coordinates":[[[68.81406443481539,45.52734632701574],[68.83079791617237,45.68852651551759],[69.06069517242777,45.676518768177395],[69.04331156176649,45.51540549845052],[68.81406443481539,45.52734632701574]]]}},{"type":"Feature","id":"agro-31-13","properties":{"cell_id":"TKO-31-13","latitude":45.5898,"longitude":69.16672,"area_km2":324.0,"coverage_pct":100.0,"sample_count":1936,"active_vegetation_pct":0.0,"surface_water_pct":0.1,"ndvi":0.099,"ndwi":-0.22,"ndre":0.05,"ndmi":-0.149,"ndbi":0.149,"bsi":0.189,"soy":13,"rice":13,"cotton":22,"vegetables":28,"solar":77,"industrial_land":75,"best_crop":"vegetables","confidence":95,"period":"2025_summer","power_km":33.3,"rail_km":182.5,"water_km":74.2},"geometry":{"type":"Polygon","coordinates":[[[69.04331156176649,45.51540549845052],[69.06069517242777,45.676518768177395],[69.29044429562751,45.664051211529184],[69.27241208822626,45.503007393139946],[69.04331156176649,45.51540549845052]]]}},{"type":"Feature","id":"agro-31-14","properties":{"cell_id":"TKO-31-14","latitude":45.57066,"longitude":69.35195,"area_km2":195.0,"coverage_pct":60.2,"sample_count":1433,"active_vegetation_pct":0.0,"surface_water_pct":0.0,"ndvi":0.106,"ndwi":-0.228,"ndre":0.059,"ndmi":-0.159,"ndbi":0.159,"bsi":0.195,"soy":13,"rice":11,"cotton":22,"vegetables":26,"solar":81,"industrial_land":80,"best_crop":"vegetables","confidence":85,"period":"2025_summer","power_km":43.7,"rail_km":182.9,"water_km":69.4},"geometry":{"type":"Polygon","coordinates":[[[69.27241208822626,45.503007393139946],[69.29044429562751,45.664051211529184],[69.3831833725576,45.6588861304613],[69.44142150900018,45.52341461200012],[69.45863202564549,45.49258712692898],[69.27241208822626,45.503007393139946]]]}},{"type":"Feature","id":"agro-32-5","properties":{"cell_id":"TKO-32-05","latitude":45.86211,"longitude":67.37863,"area_km2":161.4,"coverage_pct":49.8,"sample_count":1140,"active_vegetation_pct":0.5,"surface_water_pct":0.0,"ndvi":0.105,"ndwi":-0.221,"ndre":0.047,"ndmi":-0.12,"ndbi":0.12,"bsi":0.174,"soy":26,"rice":19,"cotton":33,"vegetables":38,"solar":61,"industrial_land":57,"best_crop":"vegetables","confidence":79,"period":"2025_summer","power_km":48.3,"rail_km":170.6,"water_km":5.8},"geometry":{"type":"Polygon","coordinates":[[[67.46152389739787,45.91239682379666],[67.4486107736637,45.750876109634866],[67.43687355700445,45.75133342194613],[67.42003631600016,45.78899383599997],[67.26203918400012,45.87454223700013],[67.26948002744483,45.9197473806951],[67.46152389739787,45.91239682379666]]]}},{"type":"Feature","id":"agro-32-6","properties":{"cell_id":"TKO-32-06","latitude":45.82707,"longitude":67.57057,"area_km2":324.0,"coverage_pct":100.0,"sample_count":1936,"active_vegetation_pct":0.2,"surface_water_pct":0.0,"ndvi":0.107,"ndwi":-0.23,"ndre":0.05,"ndmi":-0.139,"ndbi":0.139,"bsi":0.193,"soy":18,"rice":14,"cotton":27,"vegetables":31,"solar":76,"industrial_land":72,"best_crop":"vegetables","confidence":95,"period":"2025_summer","power_km":34.0,"rail_km":177.2,"water_km":17.6},"geometry":{"type":"Polygon","coordinates":[[[67.4486107736637,45.750876109634866],[67.46152389739787,45.91239682379666],[67.69285830976744,45.90311114546151],[67.67928145261696,45.7416423017974],[67.4486107736637,45.750876109634866]]]}},{"type":"Feature","id":"agro-32-7","properties":{"cell_id":"TKO-32-07","latitude":45.81757,"longitude":67.80151,"area_km2":324.0,"coverage_pct":100.0,"sample_count":1936,"active_vegetation_pct":0.0,"surface_water_pct":0.0,"ndvi":0.108,"ndwi":-0.226,"ndre":0.058,"ndmi":-0.169,"ndbi":0.169,"bsi":0.198,"soy":11,"rice":10,"cotton":20,"vegetables":25,"solar":84,"industrial_land":84,"best_crop":"vegetables","confidence":95,"period":"2025_summer","power_km":22.4,"rail_km":189.0,"water_km":34.4},"geometry":{"type":"Polygon","coordinates":[[[67.67928145261696,45.7416423017974],[67.69285830976744,45.90311114546151],[67.9240764401581,45.89335890449499],[67.909837064045,45.731944519175165],[67.67928145261696,45.7416423017974]]]}},{"type":"Feature","id":"agro-32-8","properties":{"cell_id":"TKO-32-08","latitude":45.80762,"longitude":68.03234,"area_km2":324.0,"coverage_pct":100.0,"sample_count":1936,"active_vegetation_pct":0.0,"surface_water_pct":0.0,"ndvi":0.1,"ndwi":-0.221,"ndre":0.051,"ndmi":-0.174,"ndbi":0.174,"bsi":0.202,"soy":6,"rice":9,"cotton":16,"vegetables":22,"solar":88,"industrial_land":86,"best_crop":"vegetables","confidence":95,"period":"2025_summer","power_km":19.9,"rail_km":201.7,"water_km":52.0},"geometry":{"type":"Polygon","coordinates":[[[67.909837064045,45.731944519175165],[67.9240764401581,45.89335890449499],[68.15517267078857,45.88314072904794],[68.14027204784546,45.72178338372051],[67.909837064045,45.731944519175165]]]}},{"type":"Feature","id":"agro-32-9","properties":{"cell_id":"TKO-32-09","latitude":45.79719,"longitude":68.26304,"area_km2":324.0,"coverage_pct":100.0,"sample_count":1936,"active_vegetation_pct":0.0,"surface_water_pct":0.0,"ndvi":0.097,"ndwi":-0.222,"ndre":0.051,"ndmi":-0.167,"ndbi":0.167,"bsi":0.201,"soy":5,"rice":9,"cotton":15,"vegetables":21,"solar":88,"industrial_land":86,"best_crop":"vegetables","confidence":95,"period":"2025_summer","power_km":9.0,"rail_km":207.8,"water_km":69.7},"geometry":{"type":"Polygon","coordinates":[[[68.14027204784546,45.72178338372051],[68.15517267078857,45.88314072904794],[68.3861414028023,45.8724572766491],[68.37058086250289,45.711159546479536],[68.14027204784546,45.72178338372051]]]}},{"type":"Feature","id":"agro-32-10","properties":{"cell_id":"TKO-32-10","latitude":45.78631,"longitude":68.49361,"area_km2":324.0,"coverage_pct":100.0,"sample_count":1936,"active_vegetation_pct":0.0,"surface_water_pct":0.0,"ndvi":0.098,"ndwi":-0.216,"ndre":0.052,"ndmi":-0.166,"ndbi":0.166,"bsi":0.196,"soy":6,"rice":10,"cotton":17,"vegetables":23,"solar":84,"industrial_land":84,"best_crop":"vegetables","confidence":95,"period":"2025_summer","power_km":8.0,"rail_km":204.5,"water_km":87.5},"geometry":{"type":"Polygon","coordinates":[[[68.37058086250289,45.711159546479536],[68.3861414028023,45.8724572766491],[68.61697705710168,45.86130923407479],[68.6007579859085,45.700073687463956],[68.37058086250289,45.711159546479536]]]}},{"type":"Feature","id":"agro-32-11","properties":{"cell_id":"TKO-32-11","latitude":45.77496,"longitude":68.72405,"area_km2":324.0,"coverage_pct":100.0,"sample_count":1936,"active_vegetation_pct":0.0,"surface_water_pct":0.0,"ndvi":0.094,"ndwi":-0.217,"ndre":0.048,"ndmi":-0.171,"ndbi":0.171,"bsi":0.202,"soy":3,"rice":9,"cotton":14,"vegetables":20,"solar":89,"industrial_land":87,"best_crop":"vegetables","confidence":95,"period":"2025_summer","power_km":2.1,"rail_km":201.6,"water_km":94.8},"geometry":{"type":"Polygon","coordinates":[[[68.6007579859085,45.700073687463956],[68.61697705710168,45.86130923407479],[68.84767407517461,45.84969731721329],[68.83079791617237,45.68852651551759],[68.6007579859085,45.700073687463956]]]}},{"type":"Feature","id":"agro-32-12","properties":{"cell_id":"TKO-32-12","latitude":45.76315,"longitude":68.95435,"area_km2":324.0,"coverage_pct":100.0,"sample_count":1936,"active_vegetation_pct":0.0,"surface_water_pct":0.0,"ndvi":0.096,"ndwi":-0.218,"ndre":0.051,"ndmi":-0.174,"ndbi":0.174,"bsi":0.204,"soy":4,"rice":9,"cotton":15,"vegetables":21,"solar":89,"industrial_land":87,"best_crop":"vegetables","confidence":95,"period":"2025_summer","power_km":8.3,"rail_km":200.3,"water_km":97.6},"geometry":{"type":"Polygon","coordinates":[[[68.83079791617237,45.68852651551759],[68.84767407517461,45.84969731721329],[69.07822691991286,45.83762227092361],[69.06069517242777,45.676518768177395],[68.83079791617237,45.68852651551759]]]}},{"type":"Feature","id":"agro-32-13","properties":{"cell_id":"TKO-32-13","latitude":45.74944,"longitude":69.18196,"area_km2":316.6,"coverage_pct":97.7,"sample_count":1892,"active_vegetation_pct":0.0,"surface_water_pct":0.0,"ndvi":0.104,"ndwi":-0.223,"ndre":0.057,"ndmi":-0.177,"ndbi":0.177,"bsi":0.204,"soy":8,"rice":10,"cotton":19,"vegetables":24,"solar":87,"industrial_land":86,"best_crop":"vegetables","confidence":94,"period":"2025_summer","power_km":20.7,"rail_km":200.3,"water_km":91.2},"geometry":{"type":"Polygon","coordinates":[[[69.29044429562751,45.664051211529184],[69.06069517242777,45.676518768177395],[69.07822691991286,45.83762227092361],[69.26671850025456,45.8274004839868],[69.3040486738442,45.78464651662687],[69.29044429562751,45.664051211529184]]]}},{"type":"Feature","id":"agro-32-14","properties":{"cell_id":"TKO-32-14","latitude":45.70536,"longitude":69.32856,"area_km2":56.3,"coverage_pct":17.4,"sample_count":1112,"active_vegetation_pct":0.0,"surface_water_pct":0.0,"ndvi":0.113,"ndwi":-0.233,"ndre":0.063,"ndmi":-0.177,"ndbi":0.177,"bsi":0.204,"soy":13,"rice":10,"cotton":22,"vegetables":25,"solar":86,"industrial_land":86,"best_crop":"vegetables","confidence":78,"period":"2025_summer","power_km":33.0,"rail_km":197.2,"water_km":84.5},"geometry":{"type":"Polygon","coordinates":[[[69.29044429562751,45.664051211529184],[69.3040486738442,45.78464651662687],[69.35206603900008,45.72954559300006],[69.3831833725576,45.6588861304613],[69.29044429562751,45.664051211529184]]]}},{"type":"Feature","id":"agro-33-5","properties":{"cell_id":"TKO-33-05","latitude":45.93659,"longitude":67.37042,"area_km2":68.0,"coverage_pct":21.0,"sample_count":1782,"active_vegetation_pct":0.0,"surface_water_pct":0.0,"ndvi":0.11,"ndwi":-0.226,"ndre":0.055,"ndmi":-0.155,"ndbi":0.155,"bsi":0.194,"soy":15,"rice":12,"cotton":24,"vegetables":28,"solar":79,"industrial_land":78,"best_crop":"vegetables","confidence":92,"period":"2025_summer","power_km":53.7,"rail_km":176.7,"water_km":10.8},"geometry":{"type":"Polygon","coordinates":[[[67.46152389739787,45.91239682379666],[67.26948002744483,45.9197473806951],[67.27574157700013,45.957717895000144],[67.4650952976371,45.956825428958616],[67.46152389739787,45.91239682379666]]]}},{"type":"Feature","id":"agro-33-6","properties":{"cell_id":"TKO-33-06","latitude":45.9319,"longitude":67.58231,"area_km2":96.9,"coverage_pct":29.9,"sample_count":1792,"active_vegetation_pct":0.1,"surface_water_pct":0.0,"ndvi":0.109,"ndwi":-0.225,"ndre":0.052,"ndmi":-0.115,"ndbi":0.115,"bsi":0.173,"soy":30,"rice":20,"cotton":37,"vegetables":41,"solar":59,"industrial_land":54,"best_crop":"vegetables","confidence":92,"period":"2025_summer","power_km":41.9,"rail_km":186.4,"water_km":23.4},"geometry":{"type":"Polygon","coordinates":[[[67.69285830976744,45.90311114546151],[67.46152389739787,45.91239682379666],[67.4650952976371,45.956825428958616],[67.69727162733872,45.95530178999943],[67.69285830976744,45.90311114546151]]]}},{"type":"Feature","id":"agro-33-7","properties":{"cell_id":"TKO-33-07","latitude":45.92626,"longitude":67.81359,"area_km2":112.5,"coverage_pct":34.7,"sample_count":1811,"active_vegetation_pct":0.1,"surface_water_pct":0.0,"ndvi":0.107,"ndwi":-0.23,"ndre":0.058,"ndmi":-0.161,"ndbi":0.161,"bsi":0.195,"soy":12,"rice":11,"cotton":21,"vegetables":26,"solar":82,"industrial_land":81,"best_crop":"vegetables","confidence":92,"period":"2025_summer","power_km":33.6,"rail_km":198.0,"water_km":38.9},"geometry":{"type":"Polygon","coordinates":[[[67.9240764401581,45.89335890449499],[67.69285830976744,45.90311114546151],[67.69727162733872,45.95530178999943],[67.92939586976694,45.95330558563479],[67.9240764401581,45.89335890449499]]]}},{"type":"Feature","id":"agro-33-8","properties":{"cell_id":"TKO-33-08","latitude":45.92015,"longitude":68.04489,"area_km2":128.1,"coverage_pct":39.5,"sample_count":1824,"active_vegetation_pct":0.0,"surface_water_pct":0.0,"ndvi":0.102,"ndwi":-0.221,"ndre":0.052,"ndmi":-0.174,"ndbi":0.174,"bsi":0.201,"soy":7,"rice":9,"cotton":17,"vegetables":23,"solar":87,"industrial_land":85,"best_crop":"vegetables","confidence":93,"period":"2025_summer","power_km":22.0,"rail_km":210.4,"water_km":55.6},"geometry":{"type":"Polygon","coordinates":[[[68.15517267078857,45.88314072904794],[67.9240764401581,45.89335890449499],[67.92939586976694,45.95330558563479],[68.16146224438506,45.95083706876127],[68.15517267078857,45.88314072904794]]]}},{"type":"Feature","id":"agro-33-9","properties":{"cell_id":"TKO-33-09","latitude":45.91358,"longitude":68.27616,"area_km2":143.7,"coverage_pct":44.4,"sample_count":1838,"active_vegetation_pct":0.0,"surface_water_pct":0.0,"ndvi":0.1,"ndwi":-0.22,"ndre":0.052,"ndmi":-0.162,"ndbi":0.162,"bsi":0.195,"soy":8,"rice":10,"cotton":18,"vegetables":24,"solar":83,"industrial_land":82,"best_crop":"vegetables","confidence":93,"period":"2025_summer","power_km":4.8,"rail_km":220.3,"water_km":72.6},"geometry":{"type":"Polygon","coordinates":[[[68.3861414028023,45.8724572766491],[68.15517267078857,45.88314072904794],[68.16146224438506,45.95083706876127],[68.39346497824991,45.94789652279097],[68.3861414028023,45.8724572766491]]]}},{"type":"Feature","id":"agro-33-10","properties":{"cell_id":"TKO-33-10","latitude":45.90654,"longitude":68.50739,"area_km2":159.3,"coverage_pct":49.2,"sample_count":1845,"active_vegetation_pct":0.0,"surface_water_pct":0.0,"ndvi":0.096,"ndwi":-0.214,"ndre":0.049,"ndmi":-0.167,"ndbi":0.167,"bsi":0.198,"soy":5,"rice":9,"cotton":16,"vegetables":22,"solar":86,"industrial_land":85,"best_crop":"vegetables","confidence":93,"period":"2025_summer","power_km":12.3,"rail_km":217.6,"water_km":89.9},"geometry":{"type":"Polygon","coordinates":[[[68.61697705710168,45.86130923407479],[68.3861414028023,45.8724572766491],[68.39346497824991,45.94789652279097],[68.62539830691676,45.94448426159148],[68.61697705710168,45.86130923407479]]]}},{"type":"Feature","id":"agro-33-11","properties":{"cell_id":"TKO-33-11","latitude":45.89902,"longitude":68.73855,"area_km2":174.9,"coverage_pct":54.0,"sample_count":1854,"active_vegetation_pct":0.0,"surface_water_pct":0.0,"ndvi":0.091,"ndwi":-0.215,"ndre":0.045,"ndmi":-0.162,"ndbi":0.162,"bsi":0.198,"soy":3,"rice":9,"cotton":14,"vegetables":21,"solar":86,"industrial_land":84,"best_crop":"vegetables","confidence":93,"period":"2025_summer","power_km":13.3,"rail_km":215.4,"water_km":107.4},"geometry":{"type":"Polygon","coordinates":[[[68.84767407517461,45.84969731721329],[68.61697705710168,45.86130923407479],[68.62539830691676,45.94448426159148],[68.85725647534082,45.94060062941932],[68.84767407517461,45.84969731721329]]]}},{"type":"Feature","id":"agro-33-12","properties":{"cell_id":"TKO-33-12","latitude":45.89104,"longitude":68.96963,"area_km2":190.6,"coverage_pct":58.8,"sample_count":1861,"active_vegetation_pct":0.0,"surface_water_pct":0.0,"ndvi":0.095,"ndwi":-0.217,"ndre":0.049,"ndmi":-0.177,"ndbi":0.177,"bsi":0.205,"soy":4,"rice":9,"cotton":15,"vegetables":21,"solar":89,"industrial_land":87,"best_crop":"vegetables","confidence":93,"period":"2025_summer","power_km":3.2,"rail_km":214.5,"water_km":110.6},"geometry":{"type":"Polygon","coordinates":[[[69.07822691991286,45.83762227092361],[68.84767407517461,45.84969731721329],[68.85725647534082,45.94060062941932],[69.08903373877521,45.93624600084766],[69.07822691991286,45.83762227092361]]]}},{"type":"Feature","id":"agro-33-13","properties":{"cell_id":"TKO-33-13","latitude":45.87771,"longitude":69.1548,"area_km2":119.8,"coverage_pct":37.0,"sample_count":1358,"active_vegetation_pct":0.0,"surface_water_pct":0.0,"ndvi":0.102,"ndwi":-0.223,"ndre":0.055,"ndmi":-0.183,"ndbi":0.183,"bsi":0.207,"soy":7,"rice":9,"cotton":18,"vegetables":23,"solar":88,"industrial_land":86,"best_crop":"vegetables","confidence":83,"period":"2025_summer","power_km":15.0,"rail_km":214.2,"water_km":105.6},"geometry":{"type":"Polygon","coordinates":[[[69.07822691991286,45.83762227092361],[69.08903373877521,45.93624600084766],[69.17079162700003,45.936931611000134],[69.26671850025456,45.8274004839868],[69.07822691991286,45.83762227092361]]]}}]}